Aamir	M
Aaron	M
Abbey	M
Abbie	M
Abbot	M
Abbott	M
Abby	M
Abdel	M
Abdul	M
Abdulkarim	M
Abdullah	M
Abe	M
Abel	M
Abelard	M
Abner	M
Abraham	M
Abram	M
Ace	M
Adair	M
Adam	M
Adams	M
Addie	M
Adger	M
Aditya	M
Adlai	M
Adnan	M
Adolf	M
Adolfo	M
Adolph	M
Adolphe	M
Adolpho	M
Adolphus	M
Adrian	M
Adrick	M
Adrien	M
Agamemnon	M
Aguinaldo	M
Aguste	M
Agustin	M
Aharon	M
Ahmad	M
Ahmed	M
Ahmet	M
Ajai	M
Ajay	M
Al	M
Alaa	M
Alain	M
Alan	M
Alasdair	M
Alastair	M
Albatros	M
Albert	M
Alberto	M
Albrecht	M
Alden	M
Aldis	M
Aldo	M
Aldric	M
Aldrich	M
Aldus	M
Aldwin	M
Alec	M
Aleck	M
Alejandro	M
Aleks	M
Aleksandrs	M
Alessandro	M
Alex	M
Alexander	M
Alexei	M
Alexis	M
Alf	M
Alfie	M
Alfonse	M
Alfonso	M
Alfonzo	M
Alford	M
Alfred	M
Alfredo	M
Algernon	M
Ali	M
Alic	M
Alister	M
Alix	M
Allah	M
Allan	M
Allen	M
Alley	M
Allie	M
Allin	M
Allyn	M
Alonso	M
Alonzo	M
Aloysius	M
Alphonse	M
Alphonso	M
Alston	M
Alton	M
Alvin	M
Alwin	M
Amadeus	M
Ambros	M
Ambrose	M
Ambrosi	M
Ambrosio	M
Ambrosius	M
Amery	M
Amory	M
Amos	M
Anatol	M
Anatole	M
Anatollo	M
Anatoly	M
Anders	M
Andie	M
Andonis	M
Andre	M
Andrea	M
Andreas	M
Andrej	M
Andres	M
Andrew	M
Andrey	M
Andri	M
Andros	M
Andrus	M
Andrzej	M
Andy	M
Angel	M
Angelico	M
Angelo	M
Angie	M
Angus	M
Ansel	M
Ansell	M
Anselm	M
Anson	M
Anthony	M
Antin	M
Antoine	M
Anton	M
Antone	M
Antoni	M
Antonin	M
Antonino	M
Antonio	M
Antonius	M
Antony	M
Anurag	M
Apollo	M
Apostolos	M
Aram	M
Archibald	M
Archibold	M
Archie	M
Archon	M
Archy	M
Arel	M
Ari	M
Arie	M
Ariel	M
Aristotle	M
Arlo	M
Armand	M
Armando	M
Armond	M
Armstrong	M
Arne	M
Arnie	M
Arnold	M
Arnoldo	M
Aron	M
Arron	M
Art	M
Arther	M
Arthur	M
Artie	M
Artur	M
Arturo	M
Arvie	M
Arvin	M
Arvind	M
Arvy	M
Ash	M
Ashby	M
Ashish	M
Ashley	M
Ashton	M
Aub	M
Aube	M
Aubert	M
Aubrey	M
Augie	M
August	M
Augustin	M
Augustine	M
Augusto	M
Augustus	M
Austen	M
Austin	M
Ave	M
Averell	M
Averil	M
Averill	M
Avery	M
Avi	M
Avraham	M
Avram	M
Avrom	M
Axel	M
Aylmer	M
Aziz	M
Bailey	M
Bailie	M
Baillie	M
Baily	M
Baird	M
Baldwin	M
Bancroft	M
Barbabas	M
Barclay	M
Bard	M
Barde	M
Barn	M
Barnabas	M
Barnabe	M
Barnaby	M
Barnard	M
Barnebas	M
Barnett	M
Barney	M
Barnie	M
Barny	M
Baron	M
Barr	M
Barret	M
Barrett	M
Barri	M
Barrie	M
Barris	M
Barron	M
Barry	M
Bart	M
Bartel	M
Barth	M
Barthel	M
Bartholemy	M
Bartholomeo	M
Bartholomeus	M
Bartholomew	M
Bartie	M
Bartlet	M
Bartlett	M
Bartolemo	M
Bartolomei	M
Bartolomeo	M
Barton	M
Barty	M
Bary	M
Basil	M
Batholomew	M
Baxter	M
Bay	M
Bayard	M
Beale	M
Bealle	M
Bear	M
Bearnard	M
Beau	M
Beaufort	M
Beauregard	M
Beck	M
Bela	M
Ben	M
Benedict	M
Bengt	M
Benito	M
Benjamen	M
Benjamin	M
Benji	M
Benjie	M
Benjy	M
Benn	M
Bennet	M
Bennett	M
Bennie	M
Benny	M
Benson	M
Bentley	M
Benton	M
Beowulf	M
Berchtold	M
Berk	M
Berke	M
Berkeley	M
Berkie	M
Berkley	M
Bernard	M
Bernardo	M
Bernd	M
Bernhard	M
Bernie	M
Bert	M
Bertie	M
Bertram	M
Bertrand	M
Bharat	M
Biff	M
Bill	M
Billie	M
Billy	M
Bing	M
Binky	M
Bishop	M
Bjorn	M
Bjorne	M
Blaine	M
Blair	M
Blake	M
Blare	M
Blayne	M
Bo	M
Bob	M
Bobbie	M
Bobby	M
Bogart	M
Bogdan	M
Boniface	M
Boris	M
Boyce	M
Boyd	M
Brad	M
Braden	M
Bradford	M
Bradley	M
Bradly	M
Brady	M
Brandon	M
Brandy	M
Brant	M
Brendan	M
Brent	M
Bret	M
Brett	M
Brewer	M
Brewster	M
Brian	M
Brice	M
Briggs	M
Brinkley	M
Britt	M
Brock	M
Broddie	M
Broddy	M
Broderic	M
Broderick	M
Brodie	M
Brody	M
Bronson	M
Brook	M
Brooke	M
Brooks	M
Bruce	M
Bruno	M
Bryan	M
Bryant	M
Bryce	M
Bryn	M
Bryon	M
Bubba	M
Buck	M
Bucky	M
Bud	M
Buddy	M
Burgess	M
Burke	M
Burl	M
Burnaby	M
Burt	M
Burton	M
Buster	M
Butch	M
Butler	M
Byram	M
Byron	M
Caesar	M
Cain	M
Cal	M
Caldwell	M
Caleb	M
Calhoun	M
Calvin	M
Cam	M
Cameron	M
Cammy	M
Carey	M
Carl	M
Carleigh	M
Carlie	M
Carlin	M
Carlo	M
Carlos	M
Carlton	M
Carlyle	M
Carmine	M
Carroll	M
Carson	M
Carsten	M
Carter	M
Cary	M
Caryl	M
Case	M
Casey	M
Caspar	M
Casper	M
Cass	M
Cat	M
Cecil	M
Cesar	M
Chad	M
Chadd	M
Chaddie	M
Chaddy	M
Chadwick	M
Chaim	M
Chalmers	M
Chan	M
Chance	M
Chancey	M
Chanderjit	M
Chandler	M
Chane	M
Chariot	M
Charles	M
Charleton	M
Charley	M
Charlie	M
Charlton	M
Chas	M
Chase	M
Chaunce	M
Chauncey	M
Che	M
Chelton	M
Chen	M
Chester	M
Cheston	M
Chet	M
Chev	M
Chevalier	M
Chevy	M
Chip	M
Chris	M
Chrissy	M
Christ	M
Christian	M
Christiano	M
Christie	M
Christof	M
Christofer	M
Christoph	M
Christophe	M
Christopher	M
Christorpher	M
Christos	M
Christy	M
Chrisy	M
Chuck	M
Churchill	M
Clair	M
Claire	M
Clancy	M
Clarance	M
Clare	M
Clarence	M
Clark	M
Clarke	M
Claude	M
Claudio	M
Claudius	M
Claus	M
Clay	M
Clayborn	M
Clayborne	M
Claybourne	M
Clayton	M
Cleland	M
Clem	M
Clemens	M
Clement	M
Clemente	M
Clemmie	M
Cletus	M
Cleveland	M
Cliff	M
Clifford	M
Clifton	M
Clint	M
Clinten	M
Clinton	M
Clive	M
Clyde	M
Cob	M
Cobb	M
Cobbie	M
Cobby	M
Cody	M
Colbert	M
Cole	M
Coleman	M
Colin	M
Collin	M
Collins	M
Conan	M
Connie	M
Connolly	M
Connor	M
Conrad	M
Conroy	M
Constantin	M
Constantine	M
Constantinos	M
Conway	M
Cooper	M
Corbin	M
Corby	M
Corey	M
Corky	M
Cornelius	M
Cornellis	M
Corrie	M
Cortese	M
Corwin	M
Cory	M
Cosmo	M
Costa	M
Courtney	M
Craig	M
Crawford	M
Creighton	M
Cris	M
Cristopher	M
Curt	M
Curtice	M
Curtis	M
Cy	M
Cyril	M
Cyrill	M
Cyrille	M
Cyrillus	M
Cyrus	M
Dabney	M
Daffy	M
Dale	M
Dallas	M
Dalton	M
Damian	M
Damien	M
Damon	M
Dan	M
Dana	M
Dane	M
Dani	M
Danie	M
Daniel	M
Dannie	M
Danny	M
Dante	M
Darby	M
Darcy	M
Daren	M
Darian	M
Darien	M
Darin	M
Dario	M
Darius	M
Darrel	M
Darrell	M
Darren	M
Darrick	M
Darrin	M
Darryl	M
Darth	M
Darwin	M
Daryl	M
Daryle	M
Dave	M
Davey	M
David	M
Davidde	M
Davide	M
Davidson	M
Davie	M
Davin	M
Davis	M
Davon	M
Davoud	M
Davy	M
Dawson	M
Dean	M
Deane	M
Del	M
Delbert	M
Dell	M
Delmar	M
Demetre	M
Demetri	M
Demetris	M
Demetrius	M
Demosthenis	M
Denis	M
Dennie	M
Dennis	M
Denny	M
Derby	M
Derek	M
Derick	M
Derk	M
Derrek	M
Derrick	M
Derrin	M
Derrol	M
Derron	M
Deryl	M
Desmond	M
Desmund	M
Devin	M
Devon	M
Dewey	M
Dewitt	M
Dexter	M
Dick	M
Dickey	M
Dickie	M
Diego	M
Dieter	M
Dietrich	M
Dillon	M
Dimitri	M
Dimitrios	M
Dimitris	M
Dimitrou	M
Dimitry	M
Dino	M
Dion	M
Dionis	M
Dionysus	M
Dirk	M
Dmitri	M
Dom	M
Domenic	M
Domenico	M
Dominic	M
Dominick	M
Dominique	M
Don	M
Donal	M
Donald	M
Donn	M
Donnie	M
Donny	M
Donovan	M
Dorian	M
Dory	M
Doug	M
Douggie	M
Dougie	M
Douglas	M
Douglass	M
Douglis	M
Dov	M
Doyle	M
Drake	M
Drew	M
Dru	M
Dryke	M
Duane	M
Dudley	M
Duffie	M
Duffy	M
Dugan	M
Duke	M
Dunc	M
Duncan	M
Dunstan	M
Durand	M
Durant	M
Durante	M
Durward	M
Dustin	M
Dwain	M
Dwaine	M
Dwane	M
Dwayne	M
Dwight	M
Dylan	M
Dyson	M
Earl	M
Earle	M
Easton	M
Eben	M
Ebeneser	M
Ebenezer	M
Eberhard	M
Ed	M
Eddie	M
Eddy	M
Edgar	M
Edgardo	M
Edie	M
Edmond	M
Edmund	M
Edouard	M
Edsel	M
Eduard	M
Eduardo	M
Edward	M
Edwin	M
Efram	M
Egbert	M
Ehud	M
Elbert	M
Elden	M
Eldon	M
Eli	M
Elias	M
Elihu	M
Elijah	M
Eliot	M
Eliott	M
Elisha	M
Elliot	M
Elliott	M
Ellis	M
Ellsworth	M
Ellwood	M
Elmer	M
Elmore	M
Elnar	M
Elric	M
Elroy	M
Elton	M
Elvin	M
Elvis	M
Elwin	M
Elwood	M
Elwyn	M
Ely	M
Emanuel	M
Emerson	M
Emery	M
Emil	M
Emile	M
Emilio	M
Emmanuel	M
Emmery	M
Emmet	M
Emmett	M
Emmit	M
Emmott	M
Emmy	M
Emory	M
Ender	M
Engelbart	M
Engelbert	M
Englebart	M
Englebert	M
Enoch	M
Enrico	M
Enrique	M
Ephraim	M
Ephram	M
Ephrayim	M
Ephrem	M
Er	M
Erasmus	M
Erastus	M
Erek	M
Erhard	M
Erhart	M
Eric	M
Erich	M
Erick	M
Erik	M
Erin	M
Erl	M
Ernest	M
Ernesto	M
Ernie	M
Ernst	M
Erny	M
Errol	M
Ervin	M
Erwin	M
Esau	M
Esme	M
Esteban	M
Ethan	M
Ethelbert	M
Ethelred	M
Etienne	M
Euclid	M
Eugen	M
Eugene	M
Eustace	M
Ev	M
Evan	M
Evelyn	M
Everard	M
Everett	M
Ewan	M
Ewart	M
Ez	M
Ezechiel	M
Ezekiel	M
Ezra	M
Fabian	M
Fabio	M
Fairfax	M
Farley	M
Fazeel	M
Federico	M
Felice	M
Felicio	M
Felipe	M
Felix	M
Ferd	M
Ferdie	M
Ferdinand	M
Ferdy	M
Fergus	M
Ferguson	M
Ferinand	M
Fernando	M
Fidel	M
Filbert	M
Filip	M
Filipe	M
Filmore	M
Finley	M
Finn	M
Fitz	M
Fitzgerald	M
Flem	M
Fleming	M
Flemming	M
Fletch	M
Fletcher	M
Flin	M
Flinn	M
Flint	M
Flipper	M
Florian	M
Floyd	M
Flynn	M
Fons	M
Fonsie	M
Fonz	M
Fonzie	M
Forbes	M
Ford	M
Forest	M
Forester	M
Forrest	M
Forrester	M
Forster	M
Foster	M
Fowler	M
Fox	M
Fran	M
Francesco	M
Francis	M
Francisco	M
Francois	M
Frank	M
Frankie	M
Franklin	M
Franklyn	M
Franky	M
Frans	M
Franz	M
Fraser	M
Frazier	M
Fred	M
Freddie	M
Freddy	M
Frederic	M
Frederich	M
Frederick	M
Frederico	M
Frederik	M
Fredric	M
Fredrick	M
Freeman	M
Freemon	M
Fremont	M
French	M
Friedric	M
Friedrich	M
Friedrick	M
Fritz	M
Fulton	M
Fyodor	M
Gabe	M
Gabriel	M
Gabriele	M
Gabriell	M
Gabriello	M
Gail	M
Gale	M
Galen	M
Gallagher	M
Gamaliel	M
Garcia	M
Garcon	M
Gardener	M
Gardiner	M
Gardner	M
Garey	M
Garfield	M
Garfinkel	M
Garold	M
Garp	M
Garret	M
Garrett	M
Garrot	M
Garrott	M
Garry	M
Garth	M
Garv	M
Garvey	M
Garvin	M
Garvy	M
Garwin	M
Garwood	M
Gary	M
Gaspar	M
Gasper	M
Gaston	M
Gav	M
Gaven	M
Gavin	M
Gavriel	M
Gay	M
Gayle	M
Gearard	M
Gene	M
Geo	M
Geof	M
Geoff	M
Geoffrey	M
Geoffry	M
Georg	M
George	M
Georges	M
Georgia	M
Georgie	M
Georgy	M
Gerald	M
Geraldo	M
Gerard	M
Gere	M
Gerhard	M
Gerhardt	M
Geri	M
Germaine	M
Gerold	M
Gerome	M
Gerrard	M
Gerri	M
Gerrit	M
Gerry	M
Gershom	M
Gershon	M
Giacomo	M
Gian	M
Giancarlo	M
Giavani	M
Gibb	M
Gideon	M
Giff	M
Giffard	M
Giffer	M
Giffie	M
Gifford	M
Giffy	M
Gil	M
Gilbert	M
Gilberto	M
Gilburt	M
Giles	M
Gill	M
Gilles	M
Ginger	M
Gino	M
Giordano	M
Giorgi	M
Giorgio	M
Giovanne	M
Giovanni	M
Giraldo	M
Giraud	M
Giuseppe	M
Glen	M
Glenn	M
Glynn	M
Godard	M
Godart	M
Goddard	M
Goddart	M
Godfree	M
Godfrey	M
Godfry	M
Godwin	M
Gomer	M
Gonzales	M
Gonzalo	M
Goober	M
Goose	M
Gordan	M
Gordie	M
Gordon	M
Grace	M
Grady	M
Graehme	M
Graeme	M
Graham	M
Graig	M
Grant	M
Granville	M
Greg	M
Gregg	M
Greggory	M
Gregor	M
Gregorio	M
Gregory	M
Gretchen	M
Griff	M
Griffin	M
Griffith	M
Griswold	M
Grove	M
Grover	M
Guido	M
Guillaume	M
Guillermo	M
Gunner	M
Gunter	M
Gunther	M
Gus	M
Gustaf	M
Gustav	M
Gustave	M
Gustavo	M
Gustavus	M
Guthrey	M
Guthrie	M
Guthry	M
Guy	M
Hadleigh	M
Hadley	M
Hadrian	M
Hagan	M
Hagen	M
Hailey	M
Hakeem	M
Hakim	M
Hal	M
Hale	M
Haleigh	M
Haley	M
Hall	M
Hallam	M
Halvard	M
Ham	M
Hamel	M
Hamid	M
Hamil	M
Hamilton	M
Hamish	M
Hamlen	M
Hamlet	M
Hamlin	M
Hammad	M
Hamnet	M
Han	M
Hanan	M
Hanford	M
Hank	M
Hannibal	M
Hans	M
Hans-Peter	M
Hansel	M
Hanson	M
Harald	M
Harcourt	M
Hari	M
Harlan	M
Harland	M
Harley	M
Harlin	M
Harman	M
Harmon	M
Harold	M
Harris	M
Harrison	M
Harrold	M
Harry	M
Hart	M
Hartley	M
Hartwell	M
Harv	M
Harvard	M
Harvey	M
Harvie	M
Harwell	M
Hasheem	M
Hashim	M
Haskel	M
Haskell	M
Hassan	M
Hastings	M
Hasty	M
Haven	M
Hayden	M
Haydon	M
Hayes	M
Hayward	M
Haywood	M
Hazel	M
Heath	M
Heathcliff	M
Hebert	M
Hector	M
Heinrich	M
Heinz	M
Helmuth	M
Henderson	M
Hendrick	M
Hendrik	M
Henri	M
Henrie	M
Henrik	M
Henrique	M
Henry	M
Herb	M
Herbert	M
Herbie	M
Herby	M
Hercule	M
Hercules	M
Herculie	M
Herman	M
Hermann	M
Hermon	M
Hermy	M
Hernando	M
Herold	M
Herrick	M
Herrmann	M
Hersch	M
Herschel	M
Hersh	M
Hershel	M
Herve	M
Hervey	M
Hew	M
Hewe	M
Hewet	M
Hewett	M
Hewie	M
Hewitt	M
Heywood	M
Hezekiah	M
Higgins	M
Hilary	M
Hilbert	M
Hill	M
Hillard	M
Hillary	M
Hillel	M
Hillery	M
Hilliard	M
Hilton	M
Hiralal	M
Hiram	M
Hiro	M
Hirsch	M
Hobart	M
Hodge	M
Hogan	M
Hollis	M
Holly	M
Homer	M
Horace	M
Horacio	M
Horatio	M
Horatius	M
Horst	M
Howard	M
Howie	M
Hoyt	M
Hubert	M
Hudson	M
Huey	M
Hugh	M
Hugo	M
Humbert	M
Humphrey	M
Hunt	M
Hunter	M
Huntington	M
Huntlee	M
Huntley	M
Hurley	M
Husain	M
Husein	M
Hussein	M
Hy	M
Hyatt	M
Hyman	M
Hymie	M
Iago	M
Iain	M
Ian	M
Ibrahim	M
Ichabod	M
Iggie	M
Iggy	M
Ignace	M
Ignacio	M
Ignacius	M
Ignatius	M
Ignaz	M
Ignazio	M
Igor	M
Ike	M
Ikey	M
Immanuel	M
Ingamar	M
Ingelbert	M
Ingemar	M
Inglebert	M
Ingmar	M
Ingram	M
Inigo	M
Ira	M
Irvin	M
Irvine	M
Irving	M
Irwin	M
Isa	M
Isaac	M
Isaak	M
Isador	M
Isadore	M
Isaiah	M
Ishmael	M
Isidore	M
Ismail	M
Israel	M
Istvan	M
Ivan	M
Ivor	M
Izaak	M
Izak	M
Izzy	M
Jabez	M
Jack	M
Jackie	M
Jackson	M
Jacob	M
Jacques	M
Jae	M
Jaime	M
Jake	M
Jakob	M
James	M
Jameson	M
Jamey	M
Jamie	M
Jan	M
Janos	M
Janus	M
Jared	M
Jarrett	M
Jarvis	M
Jason	M
Jasper	M
Javier	M
Jay	M
Jean	M
Jean-Christophe	M
Jean-Francois	M
Jean-Lou	M
Jean-Luc	M
Jean-Marc	M
Jean-Paul	M
Jean-Pierre	M
Jeb	M
Jed	M
Jedediah	M
Jef	M
Jeff	M
Jefferey	M
Jefferson	M
Jeffery	M
Jeffie	M
Jeffrey	M
Jeffry	M
Jefry	M
Jehu	M
Jennings	M
Jens	M
Jephthah	M
Jerald	M
Jeramie	M
Jere	M
Jereme	M
Jeremiah	M
Jeremias	M
Jeremie	M
Jeremy	M
Jermain	M
Jermaine	M
Jermayne	M
Jerold	M
Jerome	M
Jeromy	M
Jerri	M
Jerrie	M
Jerrold	M
Jerrome	M
Jerry	M
Jervis	M
Jerzy	M
Jess	M
Jesse	M
Jessee	M
Jessey	M
Jessie	M
Jesus	M
Jeth	M
Jethro	M
Jim	M
Jimbo	M
Jimmie	M
Jimmy	M
Jo	M
Joab	M
Joachim	M
Joao	M
Joaquin	M
Job	M
Jock	M
Jodi	M
Jodie	M
Jody	M
Joe	M
Joel	M
Joey	M
Johan	M
Johann	M
Johannes	M
John	M
John-David	M
John-Patrick	M
Johnathan	M
Johnathon	M
Johnnie	M
Johnny	M
Johny	M
Jon	M
Jonah	M
Jonas	M
Jonathan	M
Jonathon	M
Jonny	M
Jordan	M
Jordon	M
Jordy	M
Jorge	M
Jory	M
Jose	M
Josef	M
Joseph	M
Josephus	M
Josh	M
Joshua	M
Joshuah	M
Josiah	M
Jotham	M
Juan	M
Juanita	M
Jud	M
Judah	M
Judas	M
Judd	M
Jude	M
Judith	M
Judson	M
Judy	M
Juergen	M
Jule	M
Jules	M
Julian	M
Julie	M
Julio	M
Julius	M
Justin	M
Justis	M
Kaiser	M
Kaleb	M
Kalil	M
Kalle	M
Kalman	M
Kalvin	M
Kam	M
Kane	M
Kareem	M
Karel	M
Karim	M
Karl	M
Karsten	M
Kaspar	M
Keefe	M
Keenan	M
Keene	M
Keil	M
Keith	M
Kellen	M
Kelley	M
Kelly	M
Kelsey	M
Kelvin	M
Kelwin	M
Ken	M
Kendal	M
Kendall	M
Kendrick	M
Kenn	M
Kennedy	M
Kenneth	M
Kenny	M
Kent	M
Kenton	M
Kenyon	M
Kermie	M
Kermit	M
Kerry	M
Kevan	M
Kevin	M
Kim	M
Kimball	M
Kimmo	M
Kin	M
Kincaid	M
King	M
Kingsley	M
Kingsly	M
Kingston	M
Kip	M
Kirby	M
Kirk	M
Kit	M
Klaus	M
Klee	M
Knox	M
Konrad	M
Konstantin	M
Kory	M
Kostas	M
Kraig	M
Kris	M
Krishna	M
Kristian	M
Kristopher	M
Kristos	M
Kurt	M
Kurtis	M
Kyle	M
Laird	M
Lamar	M
Lambert	M
Lamont	M
Lance	M
Lancelot	M
Lane	M
Langston	M
Lanny	M
Larry	M
Lars	M
Laurance	M
Lauren	M
Laurence	M
Laurens	M
Laurent	M
Laurie	M
Lawerence	M
Lawrence	M
Lawson	M
Lawton	M
Lay	M
Layton	M
Lazar	M
Lazare	M
Lazaro	M
Lazarus	M
Lazlo	M
Lee	M
Lefty	M
Leif	M
Leigh	M
Leighton	M
Leland	M
Lem	M
Lemar	M
Lemmie	M
Lemmy	M
Lemuel	M
Len	M
Lenard	M
Lennie	M
Lenny	M
Leo	M
Leon	M
Leonard	M
Leonardo	M
Leonerd	M
Leonhard	M
Leonid	M
Leonidas	M
Leopold	M
Leroy	M
Les	M
Lesley	M
Leslie	M
Lester	M
Lev	M
Levi	M
Levin	M
Levon	M
Levy	M
Lew	M
Lewis	M
Lex	M
Liam	M
Lin	M
Lincoln	M
Lind	M
Lindsay	M
Lindsey	M
Lindy	M
Linoel	M
Linus	M
Lion	M
Lionel	M
Lionello	M
Llewellyn	M
Lloyd	M
Locke	M
Lockwood	M
Logan	M
Lon	M
Lonnie	M
Lonny	M
Loren	M
Lorenzo	M
Lorne	M
Lorrie	M
Lothar	M
Lou	M
Louie	M
Louis	M
Lovell	M
Lowell	M
Lucas	M
Luce	M
Lucian	M
Luciano	M
Lucien	M
Lucio	M
Lucius	M
Ludvig	M
Ludwig	M
Luigi	M
Luis	M
Lukas	M
Luke	M
Luther	M
Lyle	M
Lyn	M
Lyndon	M
Lynn	M
Mac	M
Mace	M
Mack	M
Mackenzie	M
Maddie	M
Maddy	M
Madison	M
Magnum	M
Magnus	M
Mahesh	M
Mahmoud	M
Mahmud	M
Maison	M
Major	M
Malcolm	M
Manfred	M
Manish	M
Manny	M
Manuel	M
Marc	M
Marcel	M
Marcello	M
Marcellus	M
Marcelo	M
Marchall	M
Marcio	M
Marco	M
Marcos	M
Marcus	M
Marietta	M
Marilu	M
Mario	M
Marion	M
Marius	M
Mark	M
Marko	M
Markos	M
Markus	M
Marlin	M
Marlo	M
Marlon	M
Marlow	M
Marlowe	M
Marmaduke	M
Marsh	M
Marshal	M
Marshall	M
Mart	M
Martainn	M
Marten	M
Martie	M
Martin	M
Martino	M
Marty	M
Martyn	M
Marv	M
Marve	M
Marven	M
Marvin	M
Marwin	M
Mason	M
Mateo	M
Mathew	M
Mathias	M
Matias	M
Matt	M
Matteo	M
Matthaeus	M
Mattheus	M
Matthew	M
Matthias	M
Matthieu	M
Matthiew	M
Matthus	M
Mattias	M
Mattie	M
Matty	M
Maurice	M
Mauricio	M
Maurie	M
Maurise	M
Maurits	M
Mauritz	M
Maury	M
Max	M
Maxfield	M
Maxie	M
Maxim	M
Maximilian	M
Maximilien	M
Maxwell	M
Mayer	M
Maynard	M
Maynord	M
Mayor	M
Mead	M
Meade	M
Meier	M
Meir	M
Mel	M
Melvin	M
Melvyn	M
Menard	M
Mendel	M
Mendie	M
Meredeth	M
Meredith	M
Merell	M
Merill	M
Merle	M
Merlin	M
Merrel	M
Merrick	M
Merril	M
Merrill	M
Merry	M
Merv	M
Mervin	M
Merwin	M
Meryl	M
Meyer	M
Mic	M
Micah	M
Michael	M
Michail	M
Michal	M
Michale	M
Micheal	M
Micheil	M
Michel	M
Michele	M
Mick	M
Mickey	M
Mickie	M
Micky	M
Miguel	M
Mika	M
Mikael	M
Mike	M
Mikel	M
Mikey	M
Mikhail	M
Miles	M
Millicent	M
Milo	M
Milt	M
Milton	M
Mischa	M
Mitch	M
Mitchael	M
Mitchel	M
Mitchell	M
Moe	M
Mohamad	M
Mohamed	M
Mohammad	M
Mohammed	M
Mohan	M
Moise	M
Moises	M
Moishe	M
Monroe	M
Montague	M
Monte	M
Montgomery	M
Monty	M
Moore	M
Mordecai	M
Morgan	M
Morlee	M
Morley	M
Morly	M
Morrie	M
Morris	M
Morry	M
Morse	M
Mort	M
Morten	M
Mortie	M
Mortimer	M
Morton	M
Morty	M
Mose	M
Moses	M
Moshe	M
Moss	M
Muffin	M
Mugsy	M
Muhammad	M
Munmro	M
Munroe	M
Murdoch	M
Murdock	M
Murphy	M
Murray	M
Mustafa	M
Myke	M
Myles	M
Mylo	M
Myron	M
Nahum	M
Napoleon	M
Nat	M
Natale	M
Nate	M
Nathan	M
Nathanael	M
Nathanial	M
Nathaniel	M
Nathanil	M
Neal	M
Neale	M
Neall	M
Nealon	M
Nealson	M
Nealy	M
Ned	M
Neddie	M
Neddy	M
Neel	M
Neil	M
Nels	M
Nelsen	M
Nelson	M
Nero	M
Neron	M
Nester	M
Nestor	M
Nev	M
Nevil	M
Nevile	M
Neville	M
Nevin	M
Nevins	M
Newton	M
Niall	M
Niccolo	M
Nicholas	M
Nichole	M
Nichols	M
Nick	M
Nickey	M
Nickie	M
Nickolas	M
Nicky	M
Nico	M
Nicolas	M
Niels	M
Nigel	M
Niki	M
Nikita	M
Nikki	M
Nikolai	M
Nikos	M
Niles	M
Nils	M
Nilson	M
Niven	M
Noach	M
Noah	M
Noam	M
Noble	M
Noe	M
Noel	M
Nolan	M
Noland	M
Norbert	M
Norm	M
Norman	M
Normand	M
Normie	M
Norris	M
Northrop	M
Northrup	M
Norton	M
Norwood	M
Nunzio	M
Obadiah	M
Obadias	M
Oberon	M
Obie	M
Octavius	M
Odell	M
Odie	M
Odin	M
Odysseus	M
Olaf	M
Olag	M
Ole	M
Oleg	M
Olin	M
Oliver	M
Olivier	M
Olle	M
Ollie	M
Omar	M
Oral	M
Oran	M
Orazio	M
Orbadiah	M
Oren	M
Orin	M
Orion	M
Orlando	M
Orren	M
Orrin	M
Orson	M
Orton	M
Orville	M
Osbert	M
Osborn	M
Osborne	M
Osbourn	M
Osbourne	M
Oscar	M
Osgood	M
Osmond	M
Osmund	M
Ossie	M
Oswald	M
Oswell	M
Otes	M
Othello	M
Otho	M
Otis	M
Otto	M
Owen	M
Ozzie	M
Ozzy	M
Pablo	M
Pace	M
Paco	M
Paddie	M
Paddy	M
Padraig	M
Page	M
Paige	M
Pail	M
Palmer	M
Paolo	M
Park	M
Parke	M
Parker	M
Parnell	M
Parrnell	M
Parry	M
Parsifal	M
Partha	M
Pascal	M
Pascale	M
Pasquale	M
Pat	M
Pate	M
Patel	M
Paten	M
Patin	M
Paton	M
Patric	M
Patrice	M
Patricio	M
Patrick	M
Patrik	M
Patsy	M
Pattie	M
Patty	M
Paul	M
Paulo	M
Pavel	M
Pearce	M
Pedro	M
Peirce	M
Pembroke	M
Pen	M
Penn	M
Pennie	M
Penny	M
Penrod	M
Pepe	M
Pepillo	M
Pepito	M
Perceval	M
Percival	M
Percy	M
Perry	M
Pete	M
Peter	M
Petey	M
Petr	M
Peyter	M
Peyton	M
Phil	M
Philbert	M
Philip	M
Phillip	M
Phillipe	M
Phillipp	M
Phineas	M
Phip	M
Pierce	M
Pierre	M
Pierson	M
Piet	M
Pieter	M
Pietro	M
Piggy	M
Pincas	M
Pinchas	M
Pincus	M
Piotr	M
Pip	M
Plato	M
Pooh	M
Porter	M
Poul	M
Powell	M
Praneetf	M
Prasad	M
Prasun	M
Prent	M
Prentice	M
Prentiss	M
Prescott	M
Preston	M
Price	M
Prince	M
Pryce	M
Puff	M
Purcell	M
Putnam	M
Pyotr	M
Quent	M
Quentin	M
Quiggly	M
Quigly	M
Quigman	M
Quill	M
Quillan	M
Quincey	M
Quincy	M
Quinlan	M
Quinn	M
Quint	M
Quintin	M
Quinton	M
Quintus	M
Rab	M
Rabbi	M
Rabi	M
Rad	M
Radcliffe	M
Rafael	M
Rafe	M
Ragnar	M
Rahul	M
Raimund	M
Rainer	M
Raj	M
Rajeev	M
Raleigh	M
Ralf	M
Ralph	M
Ram	M
Ramesh	M
Ramon	M
Ramsay	M
Ramsey	M
Rand	M
Randal	M
Randall	M
Randell	M
Randi	M
Randie	M
Randolf	M
Randolph	M
Randy	M
Ransell	M
Ransom	M
Raoul	M
Raphael	M
Raul	M
Ravi	M
Ravil	M
Rawley	M
Ray	M
Raymond	M
Raymund	M
Raymundo	M
Raynard	M
Rayner	M
Raynor	M
Reagan	M
Red	M
Redford	M
Redmond	M
Reece	M
Reed	M
Rees	M
Reese	M
Reg	M
Regan	M
Regen	M
Reggie	M
Reggis	M
Reggy	M
Reginald	M
Reginauld	M
Reid	M
Reilly	M
Reinhard	M
Reinhold	M
Rem	M
Remington	M
Remus	M
Renado	M
Renaldo	M
Renard	M
Renato	M
Renaud	M
Renault	M
Rene	M
Reube	M
Reuben	M
Reuven	M
Rex	M
Rey	M
Reynard	M
Reynold	M
Reynolds	M
Reza	M
Rhett	M
Ric	M
Ricard	M
Ricardo	M
Riccardo	M
Rice	M
Rich	M
Richard	M
Richardo	M
Richie	M
Richmond	M
Richy	M
Rick	M
Rickard	M
Rickey	M
Ricki	M
Rickie	M
Ricky	M
Rik	M
Rikki	M
Riley	M
Rinaldo	M
Ripley	M
Ritch	M
Ritchie	M
Roarke	M
Rob	M
Robb	M
Robbert	M
Robbie	M
Robert	M
Roberto	M
Robin	M
Robinson	M
Rochester	M
Rock	M
Rockwell	M
Rocky	M
Rod	M
Rodd	M
Roddie	M
Roddy	M
Roderic	M
Roderich	M
Roderick	M
Roderigo	M
Rodge	M
Rodger	M
Rodney	M
Rodolfo	M
Rodolph	M
Rodolphe	M
Rodrick	M
Rodrigo	M
Rodrique	M
Rog	M
Roger	M
Rogers	M
Roice	M
Roland	M
Rolando	M
Rolf	M
Rolfe	M
Rolland	M
Rollin	M
Rollins	M
Rollo	M
Rolph	M
Romain	M
Roman	M
Romeo	M
Ron	M
Ronald	M
Ronen	M
Roni	M
Ronnie	M
Ronny	M
Roosevelt	M
Rory	M
Roscoe	M
Ross	M
Roth	M
Rourke	M
Rowland	M
Roy	M
Royal	M
Royce	M
Rube	M
Ruben	M
Rubin	M
Ruby	M
Rudd	M
Ruddie	M
Ruddy	M
Rudie	M
Rudiger	M
Rudolf	M
Rudolfo	M
Rudolph	M
Rudy	M
Rudyard	M
Rufe	M
Rufus	M
Rupert	M
Ruperto	M
Russ	M
Russel	M
Russell	M
Rustie	M
Rustin	M
Rusty	M
Rutger	M
Rutherford	M
Rutledge	M
Rutter	M
Ryan	M
Sal	M
Salem	M
Salim	M
Salman	M
Salmon	M
Salomo	M
Salomon	M
Salomone	M
Salvador	M
Salvatore	M
Salvidor	M
Sam	M
Sammie	M
Sammy	M
Sampson	M
Samson	M
Samuel	M
Samuele	M
Sancho	M
Sander	M
Sanders	M
Sanderson	M
Sandor	M
Sandro	M
Sandy	M
Sanford	M
Sanson	M
Sansone	M
Sarge	M
Sargent	M
Sascha	M
Sasha	M
Saul	M
Sauncho	M
Saunder	M
Saunders	M
Saunderson	M
Saundra	M
Saw	M
Sawyer	M
Sawyere	M
Sax	M
Saxe	M
Saxon	M
Say	M
Sayer	M
Sayers	M
Sayre	M
Sayres	M
Scarface	M
Schroeder	M
Schuyler	M
Scot	M
Scott	M
Scotti	M
Scottie	M
Scotty	M
Seamus	M
Sean	M
Sebastian	M
Sebastiano	M
Sebastien	M
See	M
Selby	M
Selig	M
Serge	M
Sergeant	M
Sergei	M
Sergent	M
Sergio	M
Seth	M
Seymour	M
Shadow	M
Shaine	M
Shalom	M
Shamus	M
Shanan	M
Shane	M
Shannan	M
Shannon	M
Shaughn	M
Shaun	M
Shaw	M
Shawn	M
Shay	M
Shayne	M
Shea	M
Sheff	M
Sheffie	M
Sheffield	M
Sheffy	M
Shelby	M
Shelden	M
Sheldon	M
Shell	M
Shelley	M
Shelton	M
Shem	M
Shep	M
Shepard	M
Shepherd	M
Sheppard	M
Shepperd	M
Sheridan	M
Sherlock	M
Sherlocke	M
Sherman	M
Sherwin	M
Sherwood	M
Sherwynd	M
Shimon	M
Shlomo	M
Sholom	M
Shorty	M
Shumeet	M
Shurlock	M
Shurlocke	M
Shurwood	M
Si	M
Sibyl	M
Sid	M
Siddhartha	M
Sidnee	M
Sidney	M
Siegfried	M
Siffre	M
Sig	M
Sigfrid	M
Sigfried	M
Sigmund	M
Silas	M
Silvain	M
Silvan	M
Silvano	M
Silvanus	M
Silvester	M
Silvio	M
Sim	M
Simeon	M
Simmonds	M
Simon	M
Simone	M
Sinclair	M
Sinclare	M
Sivert	M
Siward	M
Skell	M
Skelly	M
Skip	M
Skipp	M
Skipper	M
Skippie	M
Skippy	M
Skipton	M
Sky	M
Skye	M
Skylar	M
Skyler	M
Slade	M
Slim	M
Sloan	M
Sloane	M
Sly	M
Smith	M
Smitty	M
Socrates	M
Sol	M
Sollie	M
Solly	M
Solomon	M
Somerset	M
Son	M
Sonnie	M
Sonny	M
Sparky	M
Spence	M
Spencer	M
Spense	M
Spenser	M
Spike	M
Spiro	M
Spiros	M
Spud	M
Srinivas	M
Stacy	M
Staffard	M
Stafford	M
Staford	M
Stan	M
Standford	M
Stanfield	M
Stanford	M
Stanislaw	M
Stanleigh	M
Stanley	M
Stanly	M
Stanton	M
Stanwood	M
Stavros	M
Stearn	M
Stearne	M
Stefan	M
Stefano	M
Steffen	M
Stephan	M
Stephanus	M
Stephen	M
Sterling	M
Stern	M
Sterne	M
Steve	M
Steven	M
Stevie	M
Stevy	M
Stew	M
Steward	M
Stewart	M
Stig	M
Stillman	M
Stillmann	M
Sting	M
Stinky	M
Stirling	M
Stu	M
Stuart	M
Sturgis	M
Sullivan	M
Sully	M
Sumner	M
Sunny	M
Sutherland	M
Sutton	M
Sven	M
Swen	M
Syd	M
Sydney	M
Sylvan	M
Sylvester	M
Tab	M
Tabb	M
Tabbie	M
Tabby	M
Taber	M
Tabor	M
Tad	M
Tadd	M
Taddeo	M
Taddeus	M
Tadeas	M
Tailor	M
Tait	M
Taite	M
Talbert	M
Talbot	M
Tallie	M
Tally	M
Tam	M
Tamas	M
Tammie	M
Tammy	M
Tan	M
Tann	M
Tanner	M
Tanney	M
Tannie	M
Tanny	M
Tarrance	M
Tarrant	M
Tarzan	M
Tate	M
Taylor	M
Teador	M
Ted	M
Tedd	M
Teddie	M
Teddy	M
Tedie	M
Tedman	M
Tedmund	M
Tedrick	M
Temp	M
Temple	M
Templeton	M
Teodoor	M
Teodor	M
Teodorico	M
Teodoro	M
Terence	M
Terencio	M
Terrance	M
Terrel	M
Terrell	M
Terrence	M
Terri	M
Terrill	M
Terry	M
Thacher	M
Thad	M
Thaddeus	M
Thaddius	M
Thaddus	M
Thadeus	M
Thain	M
Thaine	M
Thane	M
Tharen	M
Thatch	M
Thatcher	M
Thaxter	M
Thayne	M
Thebault	M
Thedric	M
Thedrick	M
Theo	M
Theobald	M
Theodor	M
Theodore	M
Theodoric	M
Theophyllus	M
Thibaud	M
Thibaut	M
Thom	M
Thomas	M
Thor	M
Thorn	M
Thorndike	M
Thornie	M
Thornton	M
Thorny	M
Thorpe	M
Thorstein	M
Thorsten	M
Thorvald	M
Thurstan	M
Thurston	M
Tibold	M
Tiebold	M
Tiebout	M
Tiler	M
Tim	M
Timmie	M
Timmy	M
Timothee	M
Timotheus	M
Timothy	M
Tirrell	M
Tito	M
Titos	M
Titus	M
Tobe	M
Tobiah	M
Tobias	M
Tobie	M
Tobin	M
Tobit	M
Toby	M
Tod	M
Todd	M
Toddie	M
Toddy	M
Tom	M
Tomas	M
Tome	M
Tomkin	M
Tomlin	M
Tommie	M
Tommy	M
Tonnie	M
Tony	M
Tore	M
Torey	M
Torin	M
Torr	M
Torrance	M
Torre	M
Torrence	M
Torrey	M
Torrin	M
Torry	M
Town	M
Towney	M
Townie	M
Townsend	M
Towny	M
Trace	M
Tracey	M
Tracie	M
Tracy	M
Traver	M
Travers	M
Travis	M
Tray	M
Tre	M
Tremain	M
Tremaine	M
Tremayne	M
Trent	M
Trenton	M
Trev	M
Trevar	M
Trever	M
Trevor	M
Trey	M
Trip	M
Tristan	M
Troy	M
Truman	M
Tuck	M
Tucker	M
Tuckie	M
Tucky	M
Tudor	M
Tull	M
Tulley	M
Tully	M
Turner	M
Ty	M
Tybalt	M
Tye	M
Tyler	M
Tymon	M
Tymothy	M
Tynan	M
Tyrone	M
Tyrus	M
Tyson	M
Udale	M
Udall	M
Udell	M
Ugo	M
Ulberto	M
Uli	M
Ulick	M
Ulises	M
Ulric	M
Ulrich	M
Ulrick	M
Ulysses	M
Umberto	M
Upton	M
Urbain	M
Urban	M
Urbano	M
Urbanus	M
Uri	M
Uriah	M
Uriel	M
Urson	M
Vachel	M
Vaclav	M
Vail	M
Val	M
Valdemar	M
Vale	M
Valentin	M
Valentine	M
Van	M
Vance	M
Vasili	M
Vasilis	M
Vasily	M
Vassili	M
Vassily	M
Vaughan	M
Vaughn	M
Venkat	M
Verge	M
Vergil	M
Vern	M
Verne	M
Vernen	M
Verney	M
Vernon	M
Vernor	M
Vibhu	M
Vic	M
Vick	M
Victor	M
Vijay	M
Vilhelm	M
Vin	M
Vince	M
Vincent	M
Vincents	M
Vinnie	M
Vinny	M
Vinod	M
Virge	M
Virgie	M
Virgil	M
Virgilio	M
Vite	M
Vito	M
Vlad	M
Vladamir	M
Vladimir	M
Voltaire	M
Von	M
Wade	M
Wadsworth	M
Wain	M
Waine	M
Wainwright	M
Wait	M
Waite	M
Waiter	M
Wake	M
Wakefield	M
Wald	M
Waldemar	M
Walden	M
Waldo	M
Waldon	M
Waleed	M
Walker	M
Wallace	M
Wallache	M
Wallas	M
Wallie	M
Wallis	M
Wally	M
Walsh	M
Walt	M
Walter	M
Walther	M
Walton	M
Wang	M
Ward	M
Warde	M
Warden	M
Ware	M
Waring	M
Warner	M
Warren	M
Wash	M
Washington	M
Wat	M
Waverley	M
Waverly	M
Way	M
Waylan	M
Wayland	M
Waylen	M
Waylin	M
Waylon	M
Wayne	M
Web	M
Webb	M
Weber	M
Webster	M
Weidar	M
Weider	M
Welbie	M
Welby	M
Welch	M
Wells	M
Welsh	M
Wendall	M
Wendel	M
Wendell	M
Werner	M
Wes	M
Wesley	M
Weslie	M
West	M
Westbrook	M
Westbrooke	M
Westleigh	M
Westley	M
Weston	M
Weylin	M
Wheeler	M
Whit	M
Whitaker	M
Whitby	M
Whitman	M
Whitney	M
Whittaker	M
Wiatt	M
Wilber	M
Wilbert	M
Wilbur	M
Wilburn	M
Wilburt	M
Wilden	M
Wildon	M
Wilek	M
Wiley	M
Wilfred	M
Wilfrid	M
Wilhelm	M
Will	M
Willard	M
Willdon	M
Willem	M
Willey	M
Willi	M
William	M
Willie	M
Willis	M
Willmott	M
Willy	M
Wilmar	M
Wilmer	M
Wilson	M
Wilt	M
Wilton	M
Win	M
Windham	M
Winfield	M
Winford	M
Winfred	M
Winifield	M
Winn	M
Winnie	M
Winny	M
Winslow	M
Winston	M
Winthrop	M
Winton	M
Wit	M
Witold	M
Wittie	M
Witty	M
Wojciech	M
Wolf	M
Wolfgang	M
Wolfie	M
Wolfram	M
Wolfy	M
Woochang	M
Wood	M
Woodie	M
Woodman	M
Woodrow	M
Woody	M
Worden	M
Worth	M
Worthington	M
Worthy	M
Wright	M
Wyatan	M
Wyatt	M
Wye	M
Wylie	M
Wyn	M
Wyndham	M
Wynn	M
Wynton	M
Xavier	M
Xenos	M
Xerxes	M
Xever	M
Ximenes	M
Ximenez	M
Xymenes	M
Yaakov	M
Yacov	M
Yale	M
Yanaton	M
Yance	M
Yancey	M
Yancy	M
Yank	M
Yankee	M
Yard	M
Yardley	M
Yehudi	M
Yigal	M
Yule	M
Yuri	M
Yves	M
Zach	M
Zacharia	M
Zachariah	M
Zacharias	M
Zacharie	M
Zachary	M
Zacherie	M
Zachery	M
Zack	M
Zackariah	M
Zak	M
Zalman	M
Zane	M
Zared	M
Zary	M
Zeb	M
Zebadiah	M
Zebedee	M
Zebulen	M
Zebulon	M
Zechariah	M
Zed	M
Zedekiah	M
Zeke	M
Zelig	M
Zerk	M
Zeus	M
Zippy	M
Zollie	M
Zolly	M
Zorro	M
Abagael	F
Abagail	F
Abbe	F
Abbey	F
Abbi	F
Abbie	F
Abby	F
Abigael	F
Abigail	F
Abigale	F
Abra	F
Acacia	F
Ada	F
Adah	F
Adaline	F
Adara	F
Addie	F
Addis	F
Adel	F
Adela	F
Adelaide	F
Adele	F
Adelice	F
Adelina	F
Adelind	F
Adeline	F
Adella	F
Adelle	F
Adena	F
Adey	F
Adi	F
Adiana	F
Adina	F
Adora	F
Adore	F
Adoree	F
Adorne	F
Adrea	F
Adria	F
Adriaens	F
Adrian	F
Adriana	F
Adriane	F
Adrianna	F
Adrianne	F
Adrien	F
Adriena	F
Adrienne	F
Aeriel	F
Aeriela	F
Aeriell	F
Ag	F
Agace	F
Agata	F
Agatha	F
Agathe	F
Aggi	F
Aggie	F
Aggy	F
Agna	F
Agnella	F
Agnes	F
Agnese	F
Agnesse	F
Agneta	F
Agnola	F
Agretha	F
Aida	F
Aidan	F
Aigneis	F
Aila	F
Aile	F
Ailee	F
Aileen	F
Ailene	F
Ailey	F
Aili	F
Ailina	F
Ailyn	F
Aime	F
Aimee	F
Aimil	F
Aina	F
Aindrea	F
Ainslee	F
Ainsley	F
Ainslie	F
Ajay	F
Alaine	F
Alameda	F
Alana	F
Alanah	F
Alane	F
Alanna	F
Alayne	F
Alberta	F
Albertina	F
Albertine	F
Albina	F
Alecia	F
Aleda	F
Aleece	F
Aleecia	F
Aleen	F
Alejandra	F
Alejandrina	F
Alena	F
Alene	F
Alessandra	F
Aleta	F
Alethea	F
Alex	F
Alexa	F
Alexandra	F
Alexandrina	F
Alexi	F
Alexia	F
Alexina	F
Alexine	F
Alexis	F
Alfie	F
Alfreda	F
Ali	F
Alia	F
Alica	F
Alice	F
Alicea	F
Alicia	F
Alida	F
Alidia	F
Alina	F
Aline	F
Alis	F
Alisa	F
Alisha	F
Alison	F
Alissa	F
Alisun	F
Alix	F
Aliza	F
Alla	F
Alleen	F
Allegra	F
Allene	F
Alli	F
Allianora	F
Allie	F
Allina	F
Allis	F
Allison	F
Allissa	F
Allsun	F
Ally	F
Allyce	F
Allyn	F
Allys	F
Allyson	F
Alma	F
Almeda	F
Almeria	F
Almeta	F
Almira	F
Almire	F
Aloise	F
Aloisia	F
Aloysia	F
Alpa	F
Alta	F
Althea	F
Alvera	F
Alvina	F
Alvinia	F
Alvira	F
Alyce	F
Alyda	F
Alys	F
Alysa	F
Alyse	F
Alysia	F
Alyson	F
Alyss	F
Alyssa	F
Amabel	F
Amabelle	F
Amalea	F
Amalee	F
Amaleta	F
Amalia	F
Amalie	F
Amalita	F
Amalle	F
Amanda	F
Amandi	F
Amandie	F
Amandy	F
Amara	F
Amargo	F
Amata	F
Amber	F
Amberly	F
Ambrosia	F
Ambur	F
Ame	F
Amelia	F
Amelie	F
Amelina	F
Ameline	F
Amelita	F
Ami	F
Amie	F
Amity	F
Ammamaria	F
Amy	F
Ana	F
Anabel	F
Anabella	F
Anabelle	F
Anais	F
Analiese	F
Analise	F
Anallese	F
Anallise	F
Anastasia	F
Anastasie	F
Anastassia	F
Anatola	F
Andee	F
Andi	F
Andie	F
Andra	F
Andrea	F
Andreana	F
Andree	F
Andrei	F
Andria	F
Andriana	F
Andriette	F
Andromache	F
Andromeda	F
Andy	F
Anestassia	F
Anet	F
Anett	F
Anetta	F
Anette	F
Ange	F
Angel	F
Angela	F
Angele	F
Angelia	F
Angelica	F
Angelika	F
Angelina	F
Angeline	F
Angelique	F
Angelita	F
Angelle	F
Angie	F
Angil	F
Angy	F
Ania	F
Anica	F
Anissa	F
Anita	F
Anitra	F
Anja	F
Anjanette	F
Anjela	F
Ann	F
Ann-Mari	F
Ann-Marie	F
Anna	F
Anna-Diana	F
Anna-Diane	F
Anna-Maria	F
Annabal	F
Annabel	F
Annabela	F
Annabell	F
Annabella	F
Annabelle	F
Annadiana	F
Annadiane	F
Annalee	F
Annalena	F
Annaliese	F
Annalisa	F
Annalise	F
Annalyse	F
Annamari	F
Annamaria	F
Annamarie	F
Anne	F
Anne-Corinne	F
Anne-Mar	F
Anne-Marie	F
Annecorinne	F
Anneliese	F
Annelise	F
Annemarie	F
Annetta	F
Annette	F
Anni	F
Annice	F
Annie	F
Annissa	F
Annmaria	F
Annmarie	F
Annnora	F
Annora	F
Anny	F
Anselma	F
Ansley	F
Anstice	F
Anthe	F
Anthea	F
Anthia	F
Antoinette	F
Antonella	F
Antonetta	F
Antonia	F
Antonie	F
Antonietta	F
Antonina	F
Anya	F
Aphrodite	F
Appolonia	F
April	F
Aprilette	F
Ara	F
Arabel	F
Arabela	F
Arabele	F
Arabella	F
Arabelle	F
Arda	F
Ardath	F
Ardeen	F
Ardelia	F
Ardelis	F
Ardella	F
Ardelle	F
Arden	F
Ardene	F
Ardenia	F
Ardine	F
Ardis	F
Ardith	F
Ardra	F
Ardyce	F
Ardys	F
Ardyth	F
Aretha	F
Ariadne	F
Ariana	F
Arianne	F
Aridatha	F
Ariel	F
Ariela	F
Ariella	F
Arielle	F
Arlana	F
Arlee	F
Arleen	F
Arlen	F
Arlena	F
Arlene	F
Arleta	F
Arlette	F
Arleyne	F
Arlie	F
Arliene	F
Arlina	F
Arlinda	F
Arline	F
Arly	F
Arlyn	F
Arlyne	F
Aryn	F
Ashely	F
Ashlee	F
Ashleigh	F
Ashlen	F
Ashley	F
Ashli	F
Ashlie	F
Ashly	F
Asia	F
Astra	F
Astrid	F
Astrix	F
Atalanta	F
Athena	F
Athene	F
Atlanta	F
Atlante	F
Auberta	F
Aubine	F
Aubree	F
Aubrette	F
Aubrey	F
Aubrie	F
Aubry	F
Audi	F
Audie	F
Audra	F
Audre	F
Audrey	F
Audrie	F
Audry	F
Audrye	F
Audy	F
Augusta	F
Auguste	F
Augustina	F
Augustine	F
Aura	F
Aurea	F
Aurel	F
Aurelea	F
Aurelia	F
Aurelie	F
Auria	F
Aurie	F
Aurilia	F
Aurlie	F
Auroora	F
Aurora	F
Aurore	F
Austin	F
Austina	F
Austine	F
Ava	F
Aveline	F
Averil	F
Averyl	F
Avie	F
Avis	F
Aviva	F
Avivah	F
Avril	F
Avrit	F
Ayn	F
Bab	F
Babara	F
Babette	F
Babita	F
Babs	F
Bambi	F
Bambie	F
Bamby	F
Barb	F
Barbabra	F
Barbara	F
Barbara-Anne	F
Barbaraanne	F
Barbe	F
Barbee	F
Barbette	F
Barbey	F
Barbi	F
Barbie	F
Barbra	F
Barby	F
Bari	F
Barrie	F
Barry	F
Basia	F
Bathsheba	F
Batsheva	F
Bea	F
Beatrice	F
Beatrisa	F
Beatrix	F
Beatriz	F
Beau	F
Bebe	F
Becca	F
Becka	F
Becki	F
Beckie	F
Becky	F
Bee	F
Beilul	F
Beitris	F
Bekki	F
Bel	F
Belia	F
Belicia	F
Belinda	F
Belita	F
Bell	F
Bella	F
Bellamy	F
Bellanca	F
Belle	F
Bellina	F
Belva	F
Belvia	F
Bendite	F
Benedetta	F
Benedicta	F
Benedikta	F
Benetta	F
Benita	F
Benni	F
Bennie	F
Benny	F
Benoite	F
Berenice	F
Beret	F
Berget	F
Berna	F
Bernadene	F
Bernadette	F
Bernadina	F
Bernadine	F
Bernardina	F
Bernardine	F
Bernelle	F
Bernete	F
Bernetta	F
Bernette	F
Berni	F
Bernice	F
Bernie	F
Bernita	F
Berny	F
Berri	F
Berrie	F
Berry	F
Bert	F
Berta	F
Berte	F
Bertha	F
Berthe	F
Berti	F
Bertie	F
Bertina	F
Bertine	F
Berty	F
Beryl	F
Beryle	F
Bess	F
Bessie	F
Bessy	F
Beth	F
Bethanne	F
Bethany	F
Bethena	F
Bethina	F
Betsey	F
Betsy	F
Betta	F
Bette	F
Bette-Ann	F
Betteann	F
Betteanne	F
Betti	F
Bettie	F
Bettina	F
Bettine	F
Betty	F
Bettye	F
Beulah	F
Bev	F
Beverie	F
Beverlee	F
Beverlie	F
Beverly	F
Bevvy	F
Bianca	F
Bianka	F
Biddy	F
Bidget	F
Bill	F
Billi	F
Billie	F
Billy	F
Binni	F
Binnie	F
Binny	F
Bird	F
Birdie	F
Birgit	F
Birgitta	F
Blair	F
Blaire	F
Blake	F
Blakelee	F
Blakeley	F
Blanca	F
Blanch	F
Blancha	F
Blanche	F
Blinni	F
Blinnie	F
Blinny	F
Bliss	F
Blisse	F
Blithe	F
Blondell	F
Blondelle	F
Blondie	F
Blondy	F
Blythe	F
Bo	F
Bobbette	F
Bobbi	F
Bobbie	F
Bobby	F
Bobette	F
Bobina	F
Bobine	F
Bobinette	F
Bonita	F
Bonnee	F
Bonni	F
Bonnie	F
Bonny	F
Brana	F
Brandais	F
Brande	F
Brandea	F
Brandi	F
Brandice	F
Brandie	F
Brandise	F
Brandy	F
Brea	F
Breanne	F
Brear	F
Bree	F
Breena	F
Bren	F
Brena	F
Brenda	F
Brenn	F
Brenna	F
Brett	F
Bria	F
Briana	F
Brianna	F
Brianne	F
Bride	F
Bridget	F
Bridgett	F
Bridgette	F
Bridie	F
Brier	F
Brietta	F
Brigid	F
Brigida	F
Brigit	F
Brigitta	F
Brigitte	F
Brina	F
Briney	F
Briny	F
Brit	F
Brita	F
Britaney	F
Britani	F
Briteny	F
Britney	F
Britni	F
Britt	F
Britta	F
Brittan	F
Brittany	F
Britte	F
Brittney	F
Brook	F
Brooke	F
Brooks	F
Brunella	F
Brunhilda	F
Brunhilde	F
Bryana	F
Bryn	F
Bryna	F
Brynn	F
Brynna	F
Brynne	F
Buffy	F
Bunni	F
Bunnie	F
Bunny	F
Burta	F
Cabrina	F
Cacilia	F
Cacilie	F
Caitlin	F
Caitrin	F
Cal	F
Calida	F
Calla	F
Calley	F
Calli	F
Callida	F
Callie	F
Cally	F
Calypso	F
Cam	F
Camala	F
Camel	F
Camella	F
Camellia	F
Cameo	F
Cami	F
Camila	F
Camile	F
Camilla	F
Camille	F
Cammi	F
Cammie	F
Cammy	F
Canada	F
Candace	F
Candi	F
Candice	F
Candida	F
Candide	F
Candie	F
Candis	F
Candra	F
Candy	F
Cappella	F
Caprice	F
Cara	F
Caralie	F
Caren	F
Carena	F
Caresa	F
Caressa	F
Caresse	F
Carey	F
Cari	F
Caria	F
Carie	F
Caril	F
Carilyn	F
Carin	F
Carina	F
Carine	F
Cariotta	F
Carissa	F
Carita	F
Caritta	F
Carla	F
Carlee	F
Carleen	F
Carlen	F
Carlena	F
Carlene	F
Carley	F
Carli	F
Carlie	F
Carlin	F
Carlina	F
Carline	F
Carlisle	F
Carlita	F
Carlota	F
Carlotta	F
Carly	F
Carlye	F
Carlyn	F
Carlynn	F
Carlynne	F
Carma	F
Carmel	F
Carmela	F
Carmelia	F
Carmelina	F
Carmelita	F
Carmella	F
Carmelle	F
Carmen	F
Carmina	F
Carmine	F
Carmita	F
Carmon	F
Caro	F
Carol	F
Carol-Jean	F
Carola	F
Carolan	F
Carolann	F
Carole	F
Carolee	F
Caroleen	F
Carolie	F
Carolin	F
Carolina	F
Caroline	F
Caroljean	F
Carolyn	F
Carolyne	F
Carolynn	F
Caron	F
Carree	F
Carri	F
Carrie	F
Carrissa	F
Carrol	F
Carroll	F
Carry	F
Cary	F
Caryl	F
Caryn	F
Casandra	F
Casey	F
Casi	F
Casia	F
Casie	F
Cass	F
Cassandra	F
Cassandre	F
Cassandry	F
Cassaundra	F
Cassey	F
Cassi	F
Cassie	F
Cassondra	F
Cassy	F
Cat	F
Catarina	F
Cate	F
Caterina	F
Catha	F
Catharina	F
Catharine	F
Cathe	F
Cathee	F
Catherin	F
Catherina	F
Catherine	F
Cathi	F
Cathie	F
Cathleen	F
Cathlene	F
Cathrin	F
Cathrine	F
Cathryn	F
Cathy	F
Cathyleen	F
Cati	F
Catie	F
Catina	F
Catlaina	F
Catlee	F
Catlin	F
Catrina	F
Catriona	F
Caty	F
Cayla	F
Cecelia	F
Cecil	F
Cecile	F
Ceciley	F
Cecilia	F
Cecilla	F
Cecily	F
Ceil	F
Cele	F
Celene	F
Celesta	F
Celeste	F
Celestia	F
Celestina	F
Celestine	F
Celestyn	F
Celestyna	F
Celia	F
Celie	F
Celina	F
Celinda	F
Celine	F
Celinka	F
Celisse	F
Celle	F
Cesya	F
Chad	F
Chanda	F
Chandal	F
Chandra	F
Channa	F
Chantal	F
Chantalle	F
Charil	F
Charin	F
Charis	F
Charissa	F
Charisse	F
Charita	F
Charity	F
Charla	F
Charlean	F
Charleen	F
Charlena	F
Charlene	F
Charline	F
Charlot	F
Charlott	F
Charlotta	F
Charlotte	F
Charmain	F
Charmaine	F
Charmane	F
Charmian	F
Charmine	F
Charmion	F
Charo	F
Charyl	F
Chastity	F
Chelsae	F
Chelsea	F
Chelsey	F
Chelsie	F
Chelsy	F
Cher	F
Chere	F
Cherey	F
Cheri	F
Cherianne	F
Cherice	F
Cherida	F
Cherie	F
Cherilyn	F
Cherilynn	F
Cherin	F
Cherise	F
Cherish	F
Cherlyn	F
Cherri	F
Cherrita	F
Cherry	F
Chery	F
Cherye	F
Cheryl	F
Cheslie	F
Chiarra	F
Chickie	F
Chicky	F
Chiquita	F
Chloe	F
Chloette	F
Chloris	F
Chris	F
Chriss	F
Chrissa	F
Chrissie	F
Chrissy	F
Christa	F
Christabel	F
Christabella	F
Christabelle	F
Christal	F
Christalle	F
Christan	F
Christean	F
Christel	F
Christen	F
Christi	F
Christian	F
Christiana	F
Christiane	F
Christie	F
Christin	F
Christina	F
Christine	F
Christy	F
Christyna	F
Chrysa	F
Chrysler	F
Chrystal	F
Chryste	F
Chrystel	F
Ciara	F
Cicely	F
Cicily	F
Ciel	F
Cilka	F
Cinda	F
Cindee	F
Cindelyn	F
Cinderella	F
Cindi	F
Cindie	F
Cindra	F
Cindy	F
Cinnamon	F
Cissie	F
Cissy	F
Clair	F
Claire	F
Clara	F
Clarabelle	F
Clare	F
Claresta	F
Clareta	F
Claretta	F
Clarette	F
Clarey	F
Clari	F
Claribel	F
Clarice	F
Clarie	F
Clarinda	F
Clarine	F
Clarisa	F
Clarissa	F
Clarisse	F
Clarita	F
Clary	F
Claude	F
Claudelle	F
Claudetta	F
Claudette	F
Claudia	F
Claudie	F
Claudina	F
Claudine	F
Clea	F
Clem	F
Clemence	F
Clementia	F
Clementina	F
Clementine	F
Clemmie	F
Clemmy	F
Cleo	F
Cleopatra	F
Clerissa	F
Cleva	F
Clio	F
Clo	F
Cloe	F
Cloris	F
Clotilda	F
Clovis	F
Codee	F
Codi	F
Codie	F
Cody	F
Coleen	F
Colene	F
Coletta	F
Colette	F
Colleen	F
Collete	F
Collette	F
Collie	F
Colline	F
Colly	F
Con	F
Concettina	F
Conchita	F
Concordia	F
Conney	F
Conni	F
Connie	F
Conny	F
Consolata	F
Constance	F
Constancia	F
Constancy	F
Constanta	F
Constantia	F
Constantina	F
Constantine	F
Consuela	F
Consuelo	F
Cookie	F
Cora	F
Corabel	F
Corabella	F
Corabelle	F
Coral	F
Coralie	F
Coraline	F
Coralyn	F
Cordelia	F
Cordelie	F
Cordey	F
Cordie	F
Cordula	F
Cordy	F
Coreen	F
Corella	F
Corena	F
Corenda	F
Corene	F
Coretta	F
Corette	F
Corey	F
Cori	F
Corie	F
Corilla	F
Corina	F
Corine	F
Corinna	F
Corinne	F
Coriss	F
Corissa	F
Corliss	F
Corly	F
Cornela	F
Cornelia	F
Cornelle	F
Cornie	F
Corny	F
Correna	F
Correy	F
Corri	F
Corrianne	F
Corrie	F
Corrina	F
Corrine	F
Corrinne	F
Corry	F
Cortney	F
Cory	F
Cosetta	F
Cosette	F
Courtenay	F
Courtney	F
Cresa	F
Cris	F
Crissie	F
Crissy	F
Crista	F
Cristabel	F
Cristal	F
Cristen	F
Cristi	F
Cristie	F
Cristin	F
Cristina	F
Cristine	F
Cristionna	F
Cristy	F
Crysta	F
Crystal	F
Crystie	F
Cyb	F
Cybal	F
Cybel	F
Cybelle	F
Cybil	F
Cybill	F
Cyndi	F
Cyndy	F
Cynthea	F
Cynthia	F
Cynthie	F
Cynthy	F
Dacey	F
Dacia	F
Dacie	F
Dacy	F
Dael	F
Daffi	F
Daffie	F
Daffy	F
Dafna	F
Dagmar	F
Dahlia	F
Daile	F
Daisey	F
Daisi	F
Daisie	F
Daisy	F
Dale	F
Dalenna	F
Dalia	F
Dalila	F
Dallas	F
Daloris	F
Damara	F
Damaris	F
Damita	F
Dana	F
Danell	F
Danella	F
Danelle	F
Danette	F
Dani	F
Dania	F
Danica	F
Danice	F
Daniel	F
Daniela	F
Daniele	F
Daniella	F
Danielle	F
Danika	F
Danila	F
Danit	F
Danita	F
Danna	F
Danni	F
Dannie	F
Danny	F
Dannye	F
Danya	F
Danyelle	F
Danyette	F
Daphene	F
Daphna	F
Daphne	F
Dara	F
Darb	F
Darbie	F
Darby	F
Darcee	F
Darcey	F
Darci	F
Darcie	F
Darcy	F
Darda	F
Dareen	F
Darell	F
Darelle	F
Dari	F
Daria	F
Darice	F
Darla	F
Darleen	F
Darlene	F
Darline	F
Darryl	F
Darsey	F
Darsie	F
Darya	F
Daryl	F
Daryn	F
Dasha	F
Dasi	F
Dasie	F
Dasya	F
Datha	F
Daune	F
Daveen	F
Daveta	F
Davida	F
Davina	F
Davine	F
Davita	F
Dawn	F
Dawna	F
Dayle	F
Dayna	F
Dea	F
Deana	F
Deane	F
Deanna	F
Deanne	F
Deb	F
Debbi	F
Debbie	F
Debbra	F
Debby	F
Debee	F
Debera	F
Debi	F
Debor	F
Debora	F
Deborah	F
Debra	F
Dede	F
Dedie	F
Dedra	F
Dee	F
Dee Dee	F
Deeann	F
Deeanne	F
Deedee	F
Deena	F
Deerdre	F
Dehlia	F
Deidre	F
Deina	F
Deirdre	F
Del	F
Dela	F
Delaney	F
Delcina	F
Delcine	F
Delia	F
Delila	F
Delilah	F
Delinda	F
Dell	F
Della	F
Delly	F
Delora	F
Delores	F
Deloria	F
Deloris	F
Delphina	F
Delphine	F
Delphinia	F
Demeter	F
Demetra	F
Demetria	F
Demetris	F
Dena	F
Deni	F
Denice	F
Denise	F
Denna	F
Denni	F
Dennie	F
Denny	F
Deny	F
Denys	F
Denyse	F
Deonne	F
Desaree	F
Desdemona	F
Desirae	F
Desiree	F
Desiri	F
Deva	F
Devan	F
Devi	F
Devin	F
Devina	F
Devinne	F
Devon	F
Devondra	F
Devonna	F
Devonne	F
Devora	F
Dew	F
Di	F
Diahann	F
Diamond	F
Dian	F
Diana	F
Diandra	F
Diane	F
Diane-Marie	F
Dianemarie	F
Diann	F
Dianna	F
Dianne	F
Diannne	F
Didi	F
Dido	F
Diena	F
Dierdre	F
Dina	F
Dinah	F
Dinnie	F
Dinny	F
Dion	F
Dione	F
Dionis	F
Dionne	F
Dita	F
Dix	F
Dixie	F
Dode	F
Dodi	F
Dodie	F
Dody	F
Doe	F
Doll	F
Dolley	F
Dolli	F
Dollie	F
Dolly	F
Dolora	F
Dolores	F
Dolorita	F
Doloritas	F
Dominica	F
Dominique	F
Dona	F
Donella	F
Donelle	F
Donetta	F
Donia	F
Donica	F
Donielle	F
Donna	F
Donnajean	F
Donnamarie	F
Donni	F
Donnie	F
Donny	F
Dora	F
Doralia	F
Doralin	F
Doralyn	F
Doralynn	F
Doralynne	F
Dorcas	F
Dore	F
Doreen	F
Dorelia	F
Dorella	F
Dorelle	F
Dorena	F
Dorene	F
Doretta	F
Dorette	F
Dorey	F
Dori	F
Doria	F
Dorian	F
Dorice	F
Dorie	F
Dorine	F
Doris	F
Dorisa	F
Dorise	F
Dorit	F
Dorita	F
Doro	F
Dorolice	F
Dorolisa	F
Dorotea	F
Doroteya	F
Dorothea	F
Dorothee	F
Dorothy	F
Dorree	F
Dorri	F
Dorrie	F
Dorris	F
Dorry	F
Dorthea	F
Dorthy	F
Dory	F
Dosi	F
Dot	F
Doti	F
Dotti	F
Dottie	F
Dotty	F
Dove	F
Drea	F
Drew	F
Dulce	F
Dulcea	F
Dulci	F
Dulcia	F
Dulciana	F
Dulcie	F
Dulcine	F
Dulcinea	F
Dulcy	F
Dulsea	F
Dusty	F
Dyan	F
Dyana	F
Dyane	F
Dyann	F
Dyanna	F
Dyanne	F
Dyna	F
Dynah	F
E'Lane	F
Eada	F
Eadie	F
Eadith	F
Ealasaid	F
Eartha	F
Easter	F
Eba	F
Ebba	F
Ebonee	F
Ebony	F
Eda	F
Eddi	F
Eddie	F
Eddy	F
Ede	F
Edee	F
Edeline	F
Eden	F
Edi	F
Edie	F
Edin	F
Edita	F
Edith	F
Editha	F
Edithe	F
Ediva	F
Edna	F
Edwina	F
Edy	F
Edyth	F
Edythe	F
Effie	F
Eileen	F
Eilis	F
Eimile	F
Eirena	F
Ekaterina	F
Elaina	F
Elaine	F
Elana	F
Elane	F
Elayne	F
Elberta	F
Elbertina	F
Elbertine	F
Eleanor	F
Eleanora	F
Eleanore	F
Electra	F
Elena	F
Elene	F
Eleni	F
Elenore	F
Eleonora	F
Eleonore	F
Elfie	F
Elfreda	F
Elfrida	F
Elfrieda	F
Elga	F
Elianora	F
Elianore	F
Elicia	F
Elie	F
Elinor	F
Elinore	F
Elisa	F
Elisabet	F
Elisabeth	F
Elisabetta	F
Elise	F
Elisha	F
Elissa	F
Elita	F
Eliza	F
Elizabet	F
Elizabeth	F
Elka	F
Elke	F
Ella	F
Elladine	F
Elle	F
Ellen	F
Ellene	F
Ellette	F
Elli	F
Ellie	F
Ellissa	F
Elly	F
Ellyn	F
Ellynn	F
Elmira	F
Elna	F
Elnora	F
Elnore	F
Eloisa	F
Eloise	F
Elonore	F
Elora	F
Elsa	F
Elsbeth	F
Else	F
Elsey	F
Elsi	F
Elsie	F
Elsinore	F
Elspeth	F
Elsy	F
Elva	F
Elvera	F
Elvina	F
Elvira	F
Elwina	F
Elwira	F
Elyn	F
Elyse	F
Elysee	F
Elysha	F
Elysia	F
Elyssa	F
Em	F
Ema	F
Emalee	F
Emalia	F
Emanuela	F
Emelda	F
Emelia	F
Emelina	F
Emeline	F
Emelita	F
Emelyne	F
Emera	F
Emilee	F
Emili	F
Emilia	F
Emilie	F
Emiline	F
Emily	F
Emlyn	F
Emlynn	F
Emlynne	F
Emma	F
Emmalee	F
Emmaline	F
Emmalyn	F
Emmalynn	F
Emmalynne	F
Emmeline	F
Emmey	F
Emmi	F
Emmie	F
Emmy	F
Emmye	F
Emogene	F
Emyle	F
Emylee	F
Endora	F
Engracia	F
Enid	F
Enrica	F
Enrichetta	F
Enrika	F
Enriqueta	F
Enya	F
Eolanda	F
Eolande	F
Eran	F
Erda	F
Erena	F
Erica	F
Ericha	F
Ericka	F
Erika	F
Erin	F
Erina	F
Erinn	F
Erinna	F
Erma	F
Ermengarde	F
Ermentrude	F
Ermina	F
Erminia	F
Erminie	F
Erna	F
Ernaline	F
Ernesta	F
Ernestine	F
Ertha	F
Eryn	F
Esma	F
Esmaria	F
Esme	F
Esmeralda	F
Esmerelda	F
Essa	F
Essie	F
Essy	F
Esta	F
Estel	F
Estele	F
Estell	F
Estella	F
Estelle	F
Ester	F
Esther	F
Estrella	F
Estrellita	F
Ethel	F
Ethelda	F
Ethelin	F
Ethelind	F
Etheline	F
Ethelyn	F
Ethyl	F
Etta	F
Etti	F
Ettie	F
Etty	F
Eudora	F
Eugenia	F
Eugenie	F
Eugine	F
Eula	F
Eulalie	F
Eunice	F
Euphemia	F
Eustacia	F
Eva	F
Evaleen	F
Evangelia	F
Evangelin	F
Evangelina	F
Evangeline	F
Evania	F
Evanne	F
Eve	F
Eveleen	F
Evelina	F
Eveline	F
Evelyn	F
Evette	F
Evey	F
Evie	F
Evita	F
Evonne	F
Evvie	F
Evvy	F
Evy	F
Eyde	F
Eydie	F
Fabrianne	F
Fabrice	F
Fae	F
Faina	F
Faith	F
Fallon	F
Fan	F
Fanchette	F
Fanchon	F
Fancie	F
Fancy	F
Fanechka	F
Fania	F
Fanni	F
Fannie	F
Fanny	F
Fanya	F
Fara	F
Farah	F
Farand	F
Farica	F
Farra	F
Farrah	F
Farrand	F
Fatima	F
Faun	F
Faunie	F
Faustina	F
Faustine	F
Fawn	F
Fawna	F
Fawne	F
Fawnia	F
Fay	F
Faydra	F
Faye	F
Fayette	F
Fayina	F
Fayre	F
Fayth	F
Faythe	F
Federica	F
Fedora	F
Felecia	F
Felicdad	F
Felice	F
Felicia	F
Felicity	F
Felicle	F
Felipa	F
Felisha	F
Felita	F
Feliza	F
Fenelia	F
Feodora	F
Ferdinanda	F
Ferdinande	F
Fern	F
Fernanda	F
Fernande	F
Fernandina	F
Ferne	F
Fey	F
Fiann	F
Fianna	F
Fidela	F
Fidelia	F
Fidelity	F
Fifi	F
Fifine	F
Filia	F
Filide	F
Filippa	F
Fina	F
Fiona	F
Fionna	F
Fionnula	F
Fiorenze	F
Fleur	F
Fleurette	F
Flo	F
Flor	F
Flora	F
Florance	F
Flore	F
Florella	F
Florence	F
Florencia	F
Florentia	F
Florenza	F
Florette	F
Flori	F
Floria	F
Florice	F
Florida	F
Florie	F
Florina	F
Florinda	F
Floris	F
Florri	F
Florrie	F
Florry	F
Flory	F
Flossi	F
Flossie	F
Flossy	F
Flower	F
Fortuna	F
Fortune	F
Fran	F
France	F
Francene	F
Frances	F
Francesca	F
Francesmary	F
Francine	F
Francis	F
Francisca	F
Franciska	F
Francoise	F
Francyne	F
Frank	F
Frankie	F
Franky	F
Franni	F
Frannie	F
Franny	F
Frayda	F
Fred	F
Freda	F
Freddi	F
Freddie	F
Freddy	F
Fredelia	F
Frederica	F
Fredericka	F
Fredi	F
Fredia	F
Fredra	F
Fredrika	F
Freida	F
Frieda	F
Friederike	F
Fulvia	F
Gabbey	F
Gabbi	F
Gabbie	F
Gabey	F
Gabi	F
Gabie	F
Gabriel	F
Gabriela	F
Gabriell	F
Gabriella	F
Gabrielle	F
Gabriellia	F
Gabrila	F
Gaby	F
Gae	F
Gael	F
Gail	F
Gale	F
Gale 	F
Galina	F
Garland	F
Garnet	F
Garnette	F
Gates	F
Gavra	F
Gavrielle	F
Gay	F
Gayla	F
Gayle	F
Gayleen	F
Gaylene	F
Gaynor	F
Geeta	F
Gelya	F
Gen	F
Gena	F
Gene	F
Geneva	F
Genevieve	F
Genevra	F
Genia	F
Genna	F
Genni	F
Gennie	F
Gennifer	F
Genny	F
Genovera	F
Genvieve	F
George	F
Georgeanna	F
Georgeanne	F
Georgena	F
Georgeta	F
Georgetta	F
Georgette	F
Georgia	F
Georgiamay	F
Georgiana	F
Georgianna	F
Georgianne	F
Georgie	F
Georgina	F
Georgine	F
Gera	F
Geralda	F
Geraldina	F
Geraldine	F
Gerda	F
Gerhardine	F
Geri	F
Gerianna	F
Gerianne	F
Gerladina	F
Germain	F
Germaine	F
Germana	F
Gerri	F
Gerrie	F
Gerrilee	F
Gerry	F
Gert	F
Gerta	F
Gerti	F
Gertie	F
Gertrud	F
Gertruda	F
Gertrude	F
Gertrudis	F
Gerty	F
Giacinta	F
Giana	F
Gianina	F
Gianna	F
Gigi	F
Gilberta	F
Gilberte	F
Gilbertina	F
Gilbertine	F
Gilda	F
Gill	F
Gillan	F
Gilli	F
Gillian	F
Gillie	F
Gilligan	F
Gilly	F
Gina	F
Ginelle	F
Ginevra	F
Ginger	F
Ginni	F
Ginnie	F
Ginnifer	F
Ginny	F
Giorgia	F
Giovanna	F
Gipsy	F
Giralda	F
Gisela	F
Gisele	F
Gisella	F
Giselle	F
Gita	F
Gizela	F
Glad	F
Gladi	F
Gladis	F
Gladys	F
Gleda	F
Glen	F
Glenda	F
Glenine	F
Glenn	F
Glenna	F
Glennie	F
Glennis	F
Glori	F
Gloria	F
Gloriana	F
Gloriane	F
Glorianna	F
Glory	F
Glyn	F
Glynda	F
Glynis	F
Glynnis	F
Godiva	F
Golda	F
Goldarina	F
Goldi	F
Goldia	F
Goldie	F
Goldina	F
Goldy	F
Grace	F
Gracia	F
Gracie	F
Grata	F
Gratia	F
Gratiana	F
Gray	F
Grayce	F
Grazia	F
Gredel	F
Greer	F
Greta	F
Gretal	F
Gretchen	F
Grete	F
Gretel	F
Grethel	F
Gretna	F
Gretta	F
Grier	F
Griselda	F
Grissel	F
Guendolen	F
Guenevere	F
Guenna	F
Guglielma	F
Gui	F
Guillema	F
Guillemette	F
Guinevere	F
Guinna	F
Gunilla	F
Gunvor	F
Gus	F
Gusella	F
Gussi	F
Gussie	F
Gussy	F
Gusta	F
Gusti	F
Gustie	F
Gusty	F
Gwen	F
Gwendolen	F
Gwendolin	F
Gwendolyn	F
Gweneth	F
Gwenette	F
Gwenn	F
Gwenneth	F
Gwenni	F
Gwennie	F
Gwenny	F
Gwenora	F
Gwenore	F
Gwyn	F
Gwyneth	F
Gwynne	F
Gypsy	F
Hadria	F
Hailee	F
Haily	F
Haleigh	F
Halette	F
Haley	F
Hali	F
Halie	F
Halimeda	F
Halley	F
Halli	F
Hallie	F
Hally	F
Hana	F
Hanna	F
Hannah	F
Hanni	F
Hannibal	F
Hannie	F
Hannis	F
Hanny	F
Happy	F
Harlene	F
Harley	F
Harli	F
Harlie	F
Harmonia	F
Harmonie	F
Harmony	F
Harri	F
Harrie	F
Harriet	F
Harriett	F
Harrietta	F
Harriette	F
Harriot	F
Harriott	F
Hatti	F
Hattie	F
Hatty	F
Havivah	F
Hayley	F
Hazel	F
Heath	F
Heather	F
Heda	F
Hedda	F
Heddi	F
Heddie	F
Hedi	F
Hedvig	F
Hedwig	F
Hedy	F
Heida	F
Heide	F
Heidi	F
Heidie	F
Helaina	F
Helaine	F
Helen	F
Helen-Elizabeth	F
Helena	F
Helene	F
Helga	F
Helge	F
Helise	F
Hellene	F
Helli	F
Heloise	F
Helsa	F
Helyn	F
Hendrika	F
Henka	F
Henrie	F
Henrieta	F
Henrietta	F
Henriette	F
Henryetta	F
Hephzibah	F
Hermia	F
Hermina	F
Hermine	F
Herminia	F
Hermione	F
Herta	F
Hertha	F
Hester	F
Hesther	F
Hestia	F
Hetti	F
Hettie	F
Hetty	F
Hilarie	F
Hilary	F
Hilda	F
Hildagard	F
Hildagarde	F
Hilde	F
Hildegaard	F
Hildegarde	F
Hildy	F
Hillary	F
Hilliary	F
Hinda	F
Holley	F
Holli	F
Hollie	F
Holly	F
Holly-Anne	F
Hollyanne	F
Honey	F
Honor	F
Honoria	F
Hope	F
Horatia	F
Hortense	F
Hortensia	F
Hulda	F
Hyacinth	F
Hyacintha	F
Hyacinthe	F
Hyacinthia	F
Hyacinthie	F
Hynda	F
Ianthe	F
Ibbie	F
Ibby	F
Ida	F
Idalia	F
Idalina	F
Idaline	F
Idell	F
Idelle	F
Idette	F
Ike	F
Ikey	F
Ilana	F
Ileana	F
Ileane	F
Ilene	F
Ilise	F
Ilka	F
Illa	F
Ilona	F
Ilsa	F
Ilse	F
Ilysa	F
Ilyse	F
Ilyssa	F
Imelda	F
Imogen	F
Imogene	F
Imojean	F
Ina	F
Inci	F
Indira	F
Ines	F
Inesita	F
Inessa	F
Inez	F
Inga	F
Ingaberg	F
Ingaborg	F
Inge	F
Ingeberg	F
Ingeborg	F
Inger	F
Ingrid	F
Ingunna	F
Inna	F
Ioana	F
Iolande	F
Iolanthe	F
Iona	F
Iormina	F
Ira	F
Irena	F
Irene	F
Irina	F
Iris	F
Irita	F
Irma	F
Isa	F
Isabeau	F
Isabel	F
Isabelita	F
Isabella	F
Isabelle	F
Isador	F
Isadora	F
Isadore	F
Isahella	F
Iseabal	F
Isidora	F
Isis	F
Isobel	F
Issi	F
Issie	F
Issy	F
Ivett	F
Ivette	F
Ivie	F
Ivonne	F
Ivory	F
Ivy	F
Izabel	F
Izzi	F
Jacenta	F
Jacinda	F
Jacinta	F
Jacintha	F
Jacinthe	F
Jackelyn	F
Jacki	F
Jackie	F
Jacklin	F
Jacklyn	F
Jackquelin	F
Jackqueline	F
Jacky	F
Jaclin	F
Jaclyn	F
Jacquelin	F
Jacqueline	F
Jacquelyn	F
Jacquelynn	F
Jacquenetta	F
Jacquenette	F
Jacquetta	F
Jacquette	F
Jacqui	F
Jacquie	F
Jacynth	F
Jada	F
Jade	F
Jaime	F
Jaimie	F
Jaine	F
Jaleh	F
Jami	F
Jamie	F
Jamima	F
Jammie	F
Jan	F
Jana	F
Janaya	F
Janaye	F
Jandy	F
Jane	F
Janean	F
Janeczka	F
Janeen	F
Janel	F
Janela	F
Janella	F
Janelle	F
Janene	F
Janenna	F
Janessa	F
Janet	F
Janeta	F
Janetta	F
Janette	F
Janeva	F
Janey	F
Jania	F
Janice	F
Janie	F
Janifer	F
Janina	F
Janine	F
Janis	F
Janith	F
Janka	F
Janna	F
Jannel	F
Jannelle	F
Janot	F
Jany	F
Jaquelin	F
Jaquelyn	F
Jaquenetta	F
Jaquenette	F
Jaquith	F
Jasmin	F
Jasmina	F
Jasmine	F
Jayme	F
Jaymee	F
Jayne	F
Jaynell	F
Jazmin	F
Jean	F
Jeana	F
Jeane	F
Jeanelle	F
Jeanette	F
Jeanie	F
Jeanine	F
Jeanna	F
Jeanne	F
Jeannette	F
Jeannie	F
Jeannine	F
Jehanna	F
Jelene	F
Jemie	F
Jemima	F
Jemimah	F
Jemmie	F
Jemmy	F
Jen	F
Jena	F
Jenda	F
Jenelle	F
Jenette	F
Jeni	F
Jenica	F
Jeniece	F
Jenifer	F
Jeniffer	F
Jenilee	F
Jenine	F
Jenn	F
Jenna	F
Jennee	F
Jennette	F
Jenni	F
Jennica	F
Jennie	F
Jennifer	F
Jennilee	F
Jennine	F
Jenny	F
Jeraldine	F
Jeralee	F
Jere	F
Jeri	F
Jermaine	F
Jerrie	F
Jerrilee	F
Jerrilyn	F
Jerrine	F
Jerry	F
Jerrylee	F
Jess	F
Jessa	F
Jessalin	F
Jessalyn	F
Jessamine	F
Jessamyn	F
Jesse	F
Jesselyn	F
Jessi	F
Jessica	F
Jessie	F
Jessika	F
Jessy	F
Jewel	F
Jewell	F
Jewelle	F
Jill	F
Jillana	F
Jillane	F
Jillayne	F
Jilleen	F
Jillene	F
Jilli	F
Jillian	F
Jillie	F
Jilly	F
Jinny	F
Jo	F
Jo Ann	F
Jo-Ann	F
JoAnn	F
Jo-Anne	F
JoAnne	F
Joan	F
Joana	F
Joane	F
Joanie	F
Joann	F
Joanna	F
Joanne	F
Joannes	F
Jobey	F
Jobi	F
Jobie	F
Jobina	F
Joby	F
Jobye	F
Jobyna	F
Jocelin	F
Joceline	F
Jocelyn	F
Jocelyne	F
Jodee	F
Jodi	F
Jodie	F
Jody	F
Joela	F
Joelie	F
Joell	F
Joella	F
Joelle	F
Joellen	F
Joelly	F
Joellyn	F
Joelynn	F
Joete	F
Joey	F
Johanna	F
Johannah	F
Johnette	F
Johnna	F
Joice	F
Jojo	F
Jolee	F
Joleen	F
Jolene	F
Joletta	F
Joli	F
Jolie	F
Joline	F
Joly	F
Jolyn	F
Jolynn	F
Jonell	F
Joni	F
Jonie	F
Jonis	F
Jordain	F
Jordan	F
Jordana	F
Jordanna	F
Jorey	F
Jori	F
Jorie	F
Jorrie	F
Jorry	F
Joscelin	F
Josee	F
Josefa	F
Josefina	F
Joselyn	F
Josepha	F
Josephina	F
Josephine	F
Josey	F
Josi	F
Josie	F
Joslyn	F
Josselyn	F
Josy	F
Jourdan	F
Joy	F
Joya	F
Joyan	F
Joyann	F
Joyce	F
Joycelin	F
Joye	F
Joyous	F
Juana	F
Juanita	F
Jude	F
Judi	F
Judie	F
Judith	F
Juditha	F
Judy	F
Judye	F
Julee	F
Juli	F
Julia	F
Juliana	F
Juliane	F
Juliann	F
Julianna	F
Julianne	F
Julie	F
Julienne	F
Juliet	F
Julieta	F
Julietta	F
Juliette	F
Julina	F
Juline	F
Julissa	F
Julita	F
June	F
Junette	F
Junia	F
Junie	F
Junina	F
Justin	F
Justina	F
Justine	F
Jyoti	F
Kaari	F
Kacey	F
Kacie	F
Kacy	F
Kai	F
Kaia	F
Kaila	F
Kaile	F
Kailey	F
Kaitlin	F
Kaitlyn	F
Kaitlynn	F
Kaja	F
Kakalina	F
Kala	F
Kaleena	F
Kali	F
Kalie	F
Kalila	F
Kalina	F
Kalinda	F
Kalindi	F
Kalli	F
Kally	F
Kameko	F
Kamila	F
Kamilah	F
Kamillah	F
Kandace	F
Kandy	F
Kania	F
Kanya	F
Kara	F
Kara-Lynn	F
Karalee	F
Karalynn	F
Kare	F
Karee	F
Karel	F
Karen	F
Karena	F
Kari	F
Karia	F
Karie	F
Karil	F
Karilynn	F
Karin	F
Karina	F
Karine	F
Kariotta	F
Karisa	F
Karissa	F
Karita	F
Karla	F
Karlee	F
Karleen	F
Karlen	F
Karlene	F
Karlie	F
Karlotta	F
Karlotte	F
Karly	F
Karlyn	F
Karmen	F
Karna	F
Karol	F
Karola	F
Karole	F
Karolina	F
Karoline	F
Karoly	F
Karon	F
Karrah	F
Karrie	F
Karry	F
Kary	F
Karyl	F
Karylin	F
Karyn	F
Kasey	F
Kass	F
Kassandra	F
Kassey	F
Kassi	F
Kassia	F
Kassie	F
Kaster	F
Kat	F
Kata	F
Katalin	F
Kate	F
Katee	F
Katerina	F
Katerine	F
Katey	F
Kath	F
Katha	F
Katharina	F
Katharine	F
Katharyn	F
Kathe	F
Katheleen	F
Katherina	F
Katherine	F
Katheryn	F
Kathi	F
Kathie	F
Kathleen	F
Kathlene	F
Kathlin	F
Kathrine	F
Kathryn	F
Kathryne	F
Kathy	F
Kathye	F
Kati	F
Katie	F
Katina	F
Katine	F
Katinka	F
Katleen	F
Katlin	F
Katrina	F
Katrine	F
Katrinka	F
Katti	F
Kattie	F
Katuscha	F
Katusha	F
Katy	F
Katya	F
Kay	F
Kaycee	F
Kaye	F
Kayla	F
Kayle	F
Kaylee	F
Kayley	F
Kaylil	F
Kaylyn	F
Kee	F
Keeley	F
Keelia	F
Keely	F
Kelcey	F
Kelci	F
Kelcie	F
Kelcy	F
Kelila	F
Kellen	F
Kelley	F
Kelli	F
Kellia	F
Kellie	F
Kellina	F
Kellsie	F
Kelly	F
Kellyann	F
Kelsey	F
Kelsi	F
Kelsy	F
Kendra	F
Kendre	F
Kenna	F
Keren	F
Keri	F
Keriann	F
Kerianne	F
Kerri	F
Kerrie	F
Kerrill	F
Kerrin	F
Kerry	F
Kerstin	F
Kesley	F
Keslie	F
Kessia	F
Kessiah	F
Ketti	F
Kettie	F
Ketty	F
Kevina	F
Kevyn	F
Ki	F
Kia	F
Kiah	F
Kial	F
Kiele	F
Kiersten	F
Kikelia	F
Kiley	F
Kim	F
Kimberlee	F
Kimberley	F
Kimberli	F
Kimberly	F
Kimberlyn	F
Kimbra	F
Kimmi	F
Kimmie	F
Kimmy	F
Kinna	F
Kip	F
Kipp	F
Kippie	F
Kippy	F
Kira	F
Kirbee	F
Kirbie	F
Kirby	F
Kiri	F
Kirsten	F
Kirsteni	F
Kirsti	F
Kirstie	F
Kirstin	F
Kirstyn	F
Kissee	F
Kissiah	F
Kissie	F
Kit	F
Kitti	F
Kittie	F
Kitty	F
Kizzee	F
Kizzie	F
Klara	F
Klarika	F
Klarrisa	F
Konstance	F
Konstanze	F
Koo	F
Kora	F
Koral	F
Koralle	F
Kordula	F
Kore	F
Korella	F
Koren	F
Koressa	F
Kori	F
Korie	F
Korney	F
Korrie	F
Korry	F
Kourtney	F
Kris	F
Krissie	F
Krissy	F
Krista	F
Kristal	F
Kristan	F
Kriste	F
Kristel	F
Kristen	F
Kristi	F
Kristien	F
Kristin	F
Kristina	F
Kristine	F
Kristy	F
Kristyn	F
Krysta	F
Krystal	F
Krystalle	F
Krystle	F
Krystyna	F
Kyla	F
Kyle	F
Kylen	F
Kylie	F
Kylila	F
Kylynn	F
Kym	F
Kynthia	F
Kyrstin	F
La	F
Lacee	F
Lacey	F
Lacie	F
Lacy	F
Ladonna	F
Laetitia	F
Laila	F
Laina	F
Lainey	F
Lamb	F
Lana	F
Lane	F
Lanette	F
Laney	F
Lani	F
Lanie	F
Lanita	F
Lanna	F
Lanni	F
Lanny	F
Lara	F
Laraine	F
Lari	F
Larina	F
Larine	F
Larisa	F
Larissa	F
Lark	F
Laryssa	F
Latashia	F
Latia	F
Latisha	F
Latrena	F
Latrina	F
Laura	F
Lauraine	F
Laural	F
Lauralee	F
Laure	F
Lauree	F
Laureen	F
Laurel	F
Laurella	F
Lauren	F
Laurena	F
Laurene	F
Lauretta	F
Laurette	F
Lauri	F
Laurianne	F
Laurice	F
Laurie	F
Lauryn	F
Lavena	F
Laverna	F
Laverne	F
Lavina	F
Lavinia	F
Lavinie	F
Layla	F
Layne	F
Layney	F
Lea	F
Leah	F
Leandra	F
Leann	F
Leanna	F
Leanne	F
Leanor	F
Leanora	F
Lebbie	F
Leda	F
Lee	F
LeeAnn	F
Leeann	F
Leeanne	F
Leela	F
Leelah	F
Leena	F
Leesa	F
Leese	F
Legra	F
Leia	F
Leiah	F
Leigh	F
Leigha	F
Leila	F
Leilah	F
Leisha	F
Lela	F
Lelah	F
Leland	F
Lelia	F
Lena	F
Lenee	F
Lenette	F
Lenka	F
Lenna	F
Lenora	F
Lenore	F
Leodora	F
Leoine	F
Leola	F
Leoline	F
Leona	F
Leonanie	F
Leone	F
Leonelle	F
Leonie	F
Leonora	F
Leonore	F
Leontine	F
Leontyne	F
Leora	F
Leorah	F
Leshia	F
Lesley	F
Lesli	F
Leslie	F
Lesly	F
Lesya	F
Leta	F
Lethia	F
Leticia	F
Letisha	F
Letitia	F
Letta	F
Letti	F
Lettie	F
Letty	F
Leyla	F
Lezlie	F
Lia	F
Lian	F
Liana	F
Liane	F
Lianna	F
Lianne	F
Lib	F
Libbey	F
Libbi	F
Libbie	F
Libby	F
Licha	F
Lida	F
Lidia	F
Lil	F
Lila	F
Lilah	F
Lilas	F
Lilia	F
Lilian	F
Liliane	F
Lilias	F
Lilith	F
Lilla	F
Lilli	F
Lillian	F
Lillis	F
Lilllie	F
Lilly	F
Lily	F
Lilyan	F
Lin	F
Lina	F
Lind	F
Linda	F
Lindi	F
Lindie	F
Lindsay	F
Lindsey	F
Lindsy	F
Lindy	F
Linea	F
Linell	F
Linet	F
Linette	F
Linn	F
Linnea	F
Linnell	F
Linnet	F
Linnie	F
Linzy	F
Liora	F
Liorah	F
Lira	F
Lisa	F
Lisabeth	F
Lisandra	F
Lisbeth	F
Lise	F
Lisetta	F
Lisette	F
Lisha	F
Lishe	F
Lissa	F
Lissi	F
Lissie	F
Lissy	F
Lita	F
Liuka	F
Livia	F
Liz	F
Liza	F
Lizabeth	F
Lizbeth	F
Lizette	F
Lizzie	F
Lizzy	F
Loella	F
Lois	F
Loise	F
Lola	F
Lolande	F
Loleta	F
Lolita	F
Lolly	F
Lona	F
Lonee	F
Loni	F
Lonna	F
Lonni	F
Lonnie	F
Lora	F
Lorain	F
Loraine	F
Loralee	F
Loralie	F
Loralyn	F
Loree	F
Loreen	F
Lorelei	F
Lorelle	F
Loren	F
Lorena	F
Lorene	F
Lorenza	F
Loretta	F
Lorettalorna	F
Lorette	F
Lori	F
Loria	F
Lorianna	F
Lorianne	F
Lorie	F
Lorilee	F
Lorilyn	F
Lorinda	F
Lorine	F
Lorita	F
Lorna	F
Lorne	F
Lorraine	F
Lorrayne	F
Lorri	F
Lorrie	F
Lorrin	F
Lorry	F
Lory	F
Lotta	F
Lotte	F
Lotti	F
Lottie	F
Lotty	F
Lou	F
Louella	F
Louisa	F
Louise	F
Louisette	F
Love	F
Luana	F
Luanna	F
Luce	F
Luci	F
Lucia	F
Luciana	F
Lucie	F
Lucienne	F
Lucila	F
Lucilia	F
Lucille	F
Lucina	F
Lucinda	F
Lucine	F
Lucita	F
Lucky	F
Lucretia	F
Lucy	F
Luella	F
Luelle	F
Luisa	F
Luise	F
Lula	F
Lulita	F
Lulu	F
Luna	F
Lura	F
Lurette	F
Lurleen	F
Lurlene	F
Lurline	F
Lusa	F
Lust	F
Lyda	F
Lydia	F
Lydie	F
Lyn	F
Lynda	F
Lynde	F
Lyndel	F
Lyndell	F
Lyndsay	F
Lyndsey	F
Lyndsie	F
Lyndy	F
Lynea	F
Lynelle	F
Lynett	F
Lynette	F
Lynn	F
Lynna	F
Lynne	F
Lynnea	F
Lynnell	F
Lynnelle	F
Lynnet	F
Lynnett	F
Lynnette	F
Lynsey	F
Lysandra	F
Lyssa	F
Mab	F
Mabel	F
Mabelle	F
Mable	F
Mada	F
Madalena	F
Madalyn	F
Maddalena	F
Maddi	F
Maddie	F
Maddy	F
Madel	F
Madelaine	F
Madeleine	F
Madelena	F
Madelene	F
Madelin	F
Madelina	F
Madeline	F
Madella	F
Madelle	F
Madelon	F
Madelyn	F
Madge	F
Madlen	F
Madlin	F
Madona	F
Madonna	F
Mady	F
Mae	F
Maegan	F
Mag	F
Magda	F
Magdaia	F
Magdalen	F
Magdalena	F
Magdalene	F
Maggee	F
Maggi	F
Maggie	F
Maggy	F
Magna	F
Mahala	F
Mahalia	F
Maia	F
Maible	F
Maiga	F
Mair	F
Maire	F
Mairead	F
Maisey	F
Maisie	F
Mala	F
Malanie	F
Malcah	F
Malena	F
Malia	F
Malina	F
Malinda	F
Malinde	F
Malissa	F
Malissia	F
Malka	F
Malkah	F
Mallissa	F
Mallorie	F
Mallory	F
Malorie	F
Malory	F
Malva	F
Malvina	F
Malynda	F
Mame	F
Mamie	F
Manda	F
Mandi	F
Mandie	F
Mandy	F
Manon	F
Manya	F
Mara	F
Marabel	F
Marcela	F
Marcelia	F
Marcella	F
Marcelle	F
Marcellina	F
Marcelline	F
Marchelle	F
Marci	F
Marcia	F
Marcie	F
Marcile	F
Marcille	F
Marcy	F
Mareah	F
Maren	F
Marena	F
Maressa	F
Marga	F
Margalit	F
Margalo	F
Margaret	F
Margareta	F
Margarete	F
Margaretha	F
Margarethe	F
Margaretta	F
Margarette	F
Margarita	F
Margaux	F
Marge	F
Margeaux	F
Margery	F
Marget	F
Margette	F
Margi	F
Margie	F
Margit	F
Marglerite	F
Margo	F
Margot	F
Margret	F
Marguerite	F
Margurite	F
Margy	F
Mari	F
Maria	F
Mariam	F
Marian	F
Mariana	F
Mariann	F
Marianna	F
Marianne	F
Maribel	F
Maribelle	F
Maribeth	F
Marice	F
Maridel	F
Marie	F
Marie-Ann	F
Marie-Jeanne	F
Marieann	F
Mariejeanne	F
Mariel	F
Mariele	F
Marielle	F
Mariellen	F
Marietta	F
Mariette	F
Marigold	F
Marijo	F
Marika	F
Marilee	F
Marilin	F
Marillin	F
Marilyn	F
Marin	F
Marina	F
Marinna	F
Marion	F
Mariquilla	F
Maris	F
Marisa	F
Mariska	F
Marissa	F
Marit	F
Marita	F
Maritsa	F
Mariya	F
Marj	F
Marja	F
Marje	F
Marji	F
Marjie	F
Marjorie	F
Marjory	F
Marjy	F
Marketa	F
Marla	F
Marlane	F
Marleah	F
Marlee	F
Marleen	F
Marlena	F
Marlene	F
Marley	F
Marlie	F
Marline	F
Marlo	F
Marlyn	F
Marna	F
Marne	F
Marney	F
Marni	F
Marnia	F
Marnie	F
Marquita	F
Marrilee	F
Marris	F
Marrissa	F
Marry	F
Marsha	F
Marsiella	F
Marta	F
Martelle	F
Martguerita	F
Martha	F
Marthe	F
Marthena	F
Marti	F
Martica	F
Martie	F
Martina	F
Martita	F
Marty	F
Martynne	F
Mary	F
Marya	F
Maryangelyn	F
Maryann	F
Maryanna	F
Maryanne	F
Marybelle	F
Marybeth	F
Maryellen	F
Maryjane	F
Maryjo	F
Maryl	F
Marylee	F
Marylin	F
Marylinda	F
Marylou	F
Marylynne	F
Maryrose	F
Marys	F
Marysa	F
Masha	F
Matelda	F
Mathilda	F
Mathilde	F
Matilda	F
Matilde	F
Matti	F
Mattie	F
Matty	F
Maud	F
Maude	F
Maudie	F
Maura	F
Maure	F
Maureen	F
Maureene	F
Maurene	F
Maurine	F
Maurise	F
Maurita	F
Mavis	F
Mavra	F
Max	F
Maxi	F
Maxie	F
Maxine	F
Maxy	F
May	F
Maya	F
Maybelle	F
Mayda	F
Maye	F
Mead	F
Meade	F
Meagan	F
Meaghan	F
Meara	F
Mechelle	F
Meg	F
Megan	F
Megen	F
Meggan	F
Meggi	F
Meggie	F
Meggy	F
Meghan	F
Meghann	F
Mehetabel	F
Mei	F
Meira	F
Mel	F
Mela	F
Melamie	F
Melania	F
Melanie	F
Melantha	F
Melany	F
Melba	F
Melesa	F
Melessa	F
Melicent	F
Melina	F
Melinda	F
Melinde	F
Melisa	F
Melisande	F
Melisandra	F
Melisenda	F
Melisent	F
Melissa	F
Melisse	F
Melita	F
Melitta	F
Mella	F
Melli	F
Mellicent	F
Mellie	F
Mellisa	F
Mellisent	F
Mellissa	F
Melloney	F
Melly	F
Melodee	F
Melodie	F
Melody	F
Melonie	F
Melony	F
Melosa	F
Melva	F
Mercedes	F
Merci	F
Mercie	F
Mercy	F
Meredith	F
Meredithe	F
Meridel	F
Meridith	F
Meriel	F
Merilee	F
Merilyn	F
Meris	F
Merissa	F
Merl	F
Merla	F
Merle	F
Merlina	F
Merline	F
Merna	F
Merola	F
Merralee	F
Merridie	F
Merrie	F
Merrielle	F
Merrile	F
Merrilee	F
Merrili	F
Merrill	F
Merrily	F
Merry	F
Mersey	F
Meryl	F
Meta	F
Mia	F
Micaela	F
Michaela	F
Michaelina	F
Michaeline	F
Michaella	F
Michal	F
Michel	F
Michele	F
Michelina	F
Micheline	F
Michell	F
Michelle	F
Micki	F
Mickie	F
Micky	F
Midge	F
Mignon	F
Mignonne	F
Miguela	F
Miguelita	F
Mikako	F
Mildred	F
Mildrid	F
Milena	F
Milicent	F
Milissent	F
Milka	F
Milli	F
Millicent	F
Millie	F
Millisent	F
Milly	F
Milzie	F
Mimi	F
Min	F
Mina	F
Minda	F
Mindy	F
Minerva	F
Minetta	F
Minette	F
Minna	F
Minni	F
Minnie	F
Minny	F
Minta	F
Miquela	F
Mira	F
Mirabel	F
Mirabella	F
Mirabelle	F
Miran	F
Miranda	F
Mireielle	F
Mireille	F
Mirella	F
Mirelle	F
Miriam	F
Mirilla	F
Mirna	F
Misha	F
Missie	F
Missy	F
Misti	F
Misty	F
Mitra	F
Mitzi	F
Mmarianne	F
Modesta	F
Modestia	F
Modestine	F
Modesty	F
Moina	F
Moira	F
Moll	F
Mollee	F
Molli	F
Mollie	F
Molly	F
Mommy	F
Mona	F
Monah	F
Monica	F
Monika	F
Monique	F
Mora	F
Moreen	F
Morena	F
Morgan	F
Morgana	F
Morganica	F
Morganne	F
Morgen	F
Moria	F
Morissa	F
Morlee	F
Morna	F
Moselle	F
Moya	F
Moyna	F
Moyra	F
Mozelle	F
Muffin	F
Mufi	F
Mufinella	F
Muire	F
Mureil	F
Murial	F
Muriel	F
Murielle	F
Myna	F
Myra	F
Myrah	F
Myranda	F
Myriam	F
Myrilla	F
Myrle	F
Myrlene	F
Myrna	F
Myrta	F
Myrtia	F
Myrtice	F
Myrtie	F
Myrtle	F
Nada	F
Nadean	F
Nadeen	F
Nadia	F
Nadine	F
Nadiya	F
Nady	F
Nadya	F
Nalani	F
Nan	F
Nana	F
Nananne	F
Nance	F
Nancee	F
Nancey	F
Nanci	F
Nancie	F
Nancy	F
Nanete	F
Nanette	F
Nani	F
Nanice	F
Nanine	F
Nannette	F
Nanni	F
Nannie	F
Nanny	F
Nanon	F
Naoma	F
Naomi	F
Nara	F
Nari	F
Nariko	F
Nat	F
Nata	F
Natala	F
Natalee	F
Natalia	F
Natalie	F
Natalina	F
Nataline	F
Natalya	F
Natasha	F
Natassia	F
Nathalia	F
Nathalie	F
Natka	F
Natty	F
Neala	F
Neda	F
Nedda	F
Nedi	F
Neely	F
Neila	F
Neile	F
Neilla	F
Neille	F
Nela	F
Nelia	F
Nelie	F
Nell	F
Nelle	F
Nelli	F
Nellie	F
Nelly	F
Nena	F
Nerissa	F
Nerita	F
Nert	F
Nerta	F
Nerte	F
Nerti	F
Nertie	F
Nerty	F
Nessa	F
Nessi	F
Nessie	F
Nessy	F
Nesta	F
Netta	F
Netti	F
Nettie	F
Nettle	F
Netty	F
Nevsa	F
Neysa	F
Nichol	F
Nichole	F
Nicholle	F
Nicki	F
Nickie	F
Nicky	F
Nicol	F
Nicola	F
Nicole	F
Nicolea	F
Nicolette	F
Nicoli	F
Nicolina	F
Nicoline	F
Nicolle	F
Nidia	F
Nike	F
Niki	F
Nikki	F
Nikkie	F
Nikoletta	F
Nikolia	F
Nil	F
Nina	F
Ninetta	F
Ninette	F
Ninnetta	F
Ninnette	F
Ninon	F
Nisa	F
Nissa	F
Nisse	F
Nissie	F
Nissy	F
Nita	F
Nitin	F
Nixie	F
Noami	F
Noel	F
Noelani	F
Noell	F
Noella	F
Noelle	F
Noellyn	F
Noelyn	F
Noemi	F
Nola	F
Nolana	F
Nolie	F
Nollie	F
Nomi	F
Nona	F
Nonah	F
Noni	F
Nonie	F
Nonna	F
Nonnah	F
Nora	F
Norah	F
Norean	F
Noreen	F
Norene	F
Norina	F
Norine	F
Norma	F
Norri	F
Norrie	F
Norry	F
Nova	F
Novelia	F
Nydia	F
Nyssa	F
Octavia	F
Odele	F
Odelia	F
Odelinda	F
Odella	F
Odelle	F
Odessa	F
Odetta	F
Odette	F
Odilia	F
Odille	F
Ofelia	F
Ofella	F
Ofilia	F
Ola	F
Olenka	F
Olga	F
Olia	F
Olimpia	F
Olive	F
Olivette	F
Olivia	F
Olivie	F
Oliy	F
Ollie	F
Olly	F
Olva	F
Olwen	F
Olympe	F
Olympia	F
Olympie	F
Ondrea	F
Oneida	F
Onida	F
Onlea	F
Oona	F
Opal	F
Opalina	F
Opaline	F
Ophelia	F
Ophelie	F
Oprah	F
Ora	F
Oralee	F
Oralia	F
Oralie	F
Oralla	F
Oralle	F
Orel	F
Orelee	F
Orelia	F
Orelie	F
Orella	F
Orelle	F
Oreste	F
Oriana	F
Orly	F
Orsa	F
Orsola	F
Ortensia	F
Otha	F
Othelia	F
Othella	F
Othilia	F
Othilie	F
Ottilie	F
Pacifica	F
Page	F
Paige	F
Paloma	F
Pam	F
Pamela	F
Pamelina	F
Pamella	F
Pammi	F
Pammie	F
Pammy	F
Pandora	F
Pansie	F
Pansy	F
Paola	F
Paolina	F
Parwane	F
Pat	F
Patience	F
Patrica	F
Patrice	F
Patricia	F
Patrizia	F
Patsy	F
Patti	F
Pattie	F
Patty	F
Paula	F
Paula-Grace	F
Paule	F
Pauletta	F
Paulette	F
Pauli	F
Paulie	F
Paulina	F
Pauline	F
Paulita	F
Pauly	F
Pavia	F
Pavla	F
Pearl	F
Pearla	F
Pearle	F
Pearline	F
Peg	F
Pegeen	F
Peggi	F
Peggie	F
Peggy	F
Pen	F
Penelopa	F
Penelope	F
Penni	F
Pennie	F
Penny	F
Pepi	F
Pepita	F
Peri	F
Peria	F
Perl	F
Perla	F
Perle	F
Perri	F
Perrine	F
Perry	F
Persis	F
Pet	F
Peta	F
Petra	F
Petrina	F
Petronella	F
Petronia	F
Petronilla	F
Petronille	F
Petunia	F
Phaedra	F
Phaidra	F
Phebe	F
Phedra	F
Phelia	F
Phil	F
Philipa	F
Philippa	F
Philippe	F
Philippine	F
Philis	F
Phillida	F
Phillie	F
Phillis	F
Philly	F
Philomena	F
Phoebe	F
Phylis	F
Phyllida	F
Phyllis	F
Phyllys	F
Phylys	F
Pia	F
Pier	F
Pierette	F
Pierrette	F
Pietra	F
Piper	F
Pippa	F
Pippy	F
Polly	F
Pollyanna	F
Pooh	F
Poppy	F
Portia	F
Pris	F
Prisca	F
Priscella	F
Priscilla	F
Prissie	F
Pru	F
Prudence	F
Prudi	F
Prudy	F
Prue	F
Prunella	F
Queada	F
Queenie	F
Quentin	F
Querida	F
Quinn	F
Quinta	F
Quintana	F
Quintilla	F
Quintina	F
Rachael	F
Rachel	F
Rachele	F
Rachelle	F
Rae	F
Raf	F
Rafa	F
Rafaela	F
Rafaelia	F
Rafaelita	F
Ragnhild	F
Rahal	F
Rahel	F
Raina	F
Raine	F
Rakel	F
Ralina	F
Ramona	F
Ramonda	F
Rana	F
Randa	F
Randee	F
Randene	F
Randi	F
Randie	F
Randy	F
Ranee	F
Rani	F
Rania	F
Ranice	F
Ranique	F
Ranna	F
Raphaela	F
Raquel	F
Raquela	F
Rasia	F
Rasla	F
Raven	F
Ray	F
Raychel	F
Raye	F
Rayna	F
Raynell	F
Rayshell	F
Rea	F
Reba	F
Rebbecca	F
Rebe	F
Rebeca	F
Rebecca	F
Rebecka	F
Rebeka	F
Rebekah	F
Rebekkah	F
Ree	F
Reeba	F
Reena	F
Reeta	F
Reeva	F
Regan	F
Reggi	F
Reggie	F
Regina	F
Regine	F
Reiko	F
Reina	F
Reine	F
Remy	F
Rena	F
Renae	F
Renata	F
Renate	F
Rene	F
Renee	F
Renel	F
Renell	F
Renelle	F
Renie	F
Rennie	F
Reta	F
Retha	F
Revkah	F
Rey	F
Reyna	F
Rhea	F
Rheba	F
Rheta	F
Rhetta	F
Rhiamon	F
Rhianna	F
Rhianon	F
Rhoda	F
Rhodia	F
Rhodie	F
Rhody	F
Rhona	F
Rhonda	F
Riane	F
Riannon	F
Rianon	F
Rica	F
Ricca	F
Rici	F
Ricki	F
Rickie	F
Ricky	F
Riki	F
Rikki	F
Rina	F
Risa	F
Rissa	F
Rita	F
Riva	F
Rivalee	F
Rivi	F
Rivkah	F
Rivy	F
Roana	F
Roanna	F
Roanne	F
Robbi	F
Robbie	F
Robbin	F
Robby	F
Robbyn	F
Robena	F
Robenia	F
Roberta	F
Robin	F
Robina	F
Robinet	F
Robinett	F
Robinetta	F
Robinette	F
Robinia	F
Roby	F
Robyn	F
Roch	F
Rochell	F
Rochella	F
Rochelle	F
Rochette	F
Roda	F
Rodi	F
Rodie	F
Rodina	F
Romola	F
Romona	F
Romonda	F
Romy	F
Rona	F
Ronalda	F
Ronda	F
Ronica	F
Ronna	F
Ronni	F
Ronnica	F
Ronnie	F
Ronny	F
Roobbie	F
Rora	F
Rori	F
Rorie	F
Rory	F
Ros	F
Rosa	F
Rosabel	F
Rosabella	F
Rosabelle	F
Rosaleen	F
Rosalia	F
Rosalie	F
Rosalind	F
Rosalinda	F
Rosalinde	F
Rosaline	F
Rosalyn	F
Rosalynd	F
Rosamond	F
Rosamund	F
Rosana	F
Rosanna	F
Rosanne	F
Rosario	F
Rose	F
Roseann	F
Roseanna	F
Roseanne	F
Roselia	F
Roselin	F
Roseline	F
Rosella	F
Roselle	F
Roselyn	F
Rosemaria	F
Rosemarie	F
Rosemary	F
Rosemonde	F
Rosene	F
Rosetta	F
Rosette	F
Roshelle	F
Rosie	F
Rosina	F
Rosita	F
Roslyn	F
Rosmunda	F
Rosy	F
Row	F
Rowe	F
Rowena	F
Roxana	F
Roxane	F
Roxanna	F
Roxanne	F
Roxi	F
Roxie	F
Roxine	F
Roxy	F
Roz	F
Rozalie	F
Rozalin	F
Rozamond	F
Rozanna	F
Rozanne	F
Roze	F
Rozele	F
Rozella	F
Rozelle	F
Rozina	F
Rubetta	F
Rubi	F
Rubia	F
Rubie	F
Rubina	F
Ruby	F
Ruella	F
Ruperta	F
Ruth	F
Ruthann	F
Ruthanne	F
Ruthe	F
Ruthi	F
Ruthie	F
Ruthy	F
Ryann	F
Rycca	F
Saba	F
Sabina	F
Sabine	F
Sabra	F
Sabrina	F
Sacha	F
Sada	F
Sadella	F
Sadie	F
Sal	F
Sallee	F
Salli	F
Sallie	F
Sally	F
Sallyann	F
Sallyanne	F
Salome	F
Sam	F
Samantha	F
Samara	F
Samaria	F
Sammy	F
Samuela	F
Samuella	F
Sande	F
Sandi	F
Sandie	F
Sandra	F
Sandy	F
Sandye	F
Sapphira	F
Sapphire	F
Sara	F
Sara-Ann	F
Saraann	F
Sarah	F
Sarajane	F
Saree	F
Sarena	F
Sarene	F
Sarette	F
Sari	F
Sarina	F
Sarine	F
Sarita	F
Sascha	F
Sasha	F
Sashenka	F
Saudra	F
Saundra	F
Savina	F
Sayre	F
Scarlet	F
Scarlett	F
Scotty	F
Sean	F
Seana	F
Secunda	F
Seka	F
Sela	F
Selena	F
Selene	F
Selestina	F
Selia	F
Selie	F
Selina	F
Selinda	F
Seline	F
Sella	F
Selle	F
Selma	F
Sena	F
Sephira	F
Serena	F
Serene	F
Shaina	F
Shaine	F
Shalna	F
Shalne	F
Shamit	F
Shana	F
Shanda	F
Shandee	F
Shandie	F
Shandra	F
Shandy	F
Shane	F
Shani	F
Shanie	F
Shanna	F
Shannah	F
Shannen	F
Shannon	F
Shanon	F
Shanta	F
Shantee	F
Shara	F
Sharai	F
Shari	F
Sharia	F
Sharie	F
Sharity	F
Sharl	F
Sharla	F
Sharleen	F
Sharlene	F
Sharline	F
Sharna	F
Sharon	F
Sharona	F
Sharra	F
Sharron	F
Sharyl	F
Shaun	F
Shauna	F
Shawn	F
Shawna	F
Shawnee	F
Shay	F
Shayla	F
Shaylah	F
Shaylyn	F
Shaylynn	F
Shayna	F
Shayne	F
Shea	F
Sheba	F
Sheela	F
Sheelagh	F
Sheelah	F
Sheena	F
Sheeree	F
Sheila	F
Sheila-Kathryn	F
Sheilah	F
Sheilakathryn	F
Shel	F
Shela	F
Shelagh	F
Shelba	F
Shelbi	F
Shelby	F
Shelia	F
Shell	F
Shelley	F
Shelli	F
Shellie	F
Shelly	F
Shena	F
Sher	F
Sheree	F
Sheri	F
Sherie	F
Sheril	F
Sherill	F
Sherilyn	F
Sherline	F
Sherri	F
Sherrie	F
Sherry	F
Sherye	F
Sheryl	F
Shilpa	F
Shina	F
Shir	F
Shira	F
Shirah	F
Shirl	F
Shirlee	F
Shirleen	F
Shirlene	F
Shirley	F
Shirline	F
Shoshana	F
Shoshanna	F
Shoshie	F
Siana	F
Sianna	F
Sib	F
Sibbie	F
Sibby	F
Sibeal	F
Sibel	F
Sibella	F
Sibelle	F
Sibilla	F
Sibley	F
Sibyl	F
Sibylla	F
Sibylle	F
Sidoney	F
Sidonia	F
Sidonnie	F
Sigrid	F
Sile	F
Sileas	F
Silva	F
Silvana	F
Silvia	F
Silvie	F
Simona	F
Simone	F
Simonette	F
Simonne	F
Sindee	F
Sinead	F
Siobhan	F
Sioux	F
Siouxie	F
Sisely	F
Sisile	F
Sissie	F
Sissy	F
Sofia	F
Sofie	F
Solange	F
Sondra	F
Sonia	F
Sonja	F
Sonni	F
Sonnie	F
Sonnnie	F
Sonny	F
Sonya	F
Sophey	F
Sophi	F
Sophia	F
Sophie	F
Sophronia	F
Sorcha	F
Sosanna	F
Stace	F
Stacee	F
Stacey	F
Staci	F
Stacia	F
Stacie	F
Stacy	F
Stafani	F
Star	F
Starla	F
Starlene	F
Starlin	F
Starr	F
Stefa	F
Stefania	F
Stefanie	F
Steffane	F
Steffi	F
Steffie	F
Stella	F
Stepha	F
Stephana	F
Stephani	F
Stephanie	F
Stephannie	F
Stephenie	F
Stephi	F
Stephie	F
Stephine	F
Stesha	F
Stevana	F
Stevena	F
Stoddard	F
Storey	F
Storm	F
Stormi	F
Stormie	F
Stormy	F
Sue	F
Sue-elle	F
Suellen	F
Sukey	F
Suki	F
Sula	F
Sunny	F
Sunshine	F
Susan	F
Susana	F
Susanetta	F
Susann	F
Susanna	F
Susannah	F
Susanne	F
Susette	F
Susi	F
Susie	F
Sussi	F
Susy	F
Suzan	F
Suzann	F
Suzanna	F
Suzanne	F
Suzetta	F
Suzette	F
Suzi	F
Suzie	F
Suzy	F
Suzzy	F
Sybil	F
Sybila	F
Sybilla	F
Sybille	F
Sybyl	F
Sydel	F
Sydelle	F
Sydney	F
Sylvia	F
Sylvie	F
Tabatha	F
Tabbatha	F
Tabbi	F
Tabbie	F
Tabbitha	F
Tabby	F
Tabina	F
Tabitha	F
Taffy	F
Talia	F
Tallia	F
Tallie	F
Tally	F
Talya	F
Talyah	F
Tamar	F
Tamara	F
Tamarah	F
Tamarra	F
Tamera	F
Tami	F
Tamiko	F
Tamma	F
Tammara	F
Tammi	F
Tammie	F
Tammy	F
Tamra	F
Tana	F
Tandi	F
Tandie	F
Tandy	F
Tani	F
Tania	F
Tansy	F
Tanya	F
Tara	F
Tarah	F
Tarra	F
Tarrah	F
Taryn	F
Tasha	F
Tasia	F
Tate	F
Tatiana	F
Tatiania	F
Tatum	F
Tawnya	F
Tawsha	F
Teane	F
Ted	F
Tedda	F
Teddi	F
Teddie	F
Teddy	F
Tedi	F
Tedra	F
Teena	F
Tella	F
Teodora	F
Tera	F
Teresa	F
TeresaAnne	F
Terese	F
Teresina	F
Teresita	F
Teressa	F
Teri	F
Teriann	F
Terina	F
Terra	F
Terri	F
Terri-Jo	F
Terrianne	F
Terrie	F
Terry	F
Terrye	F
Tersina	F
Teryl	F
Terza	F
Tess	F
Tessa	F
Tessi	F
Tessie	F
Tessy	F
Thalia	F
Thea	F
Theada	F
Theadora	F
Theda	F
Thekla	F
Thelma	F
Theo	F
Theodora	F
Theodosia	F
Theresa	F
Theresa-Marie	F
Therese	F
Theresina	F
Theresita	F
Theressa	F
Therine	F
Thia	F
Thomasa	F
Thomasin	F
Thomasina	F
Thomasine	F
Tia	F
Tiana	F
Tiena	F
Tierney	F
Tiertza	F
Tiff	F
Tiffani	F
Tiffanie	F
Tiffany	F
Tiffi	F
Tiffie	F
Tiffy	F
Tilda	F
Tildi	F
Tildie	F
Tildy	F
Tillie	F
Tilly	F
Tim	F
Timi	F
Timmi	F
Timmie	F
Timmy	F
Timothea	F
Tina	F
Tine	F
Tiphani	F
Tiphanie	F
Tiphany	F
Tish	F
Tisha	F
Tobe	F
Tobey	F
Tobi	F
Tobie	F
Toby	F
Tobye	F
Toinette	F
Toma	F
Tomasina	F
Tomasine	F
Tomi	F
Tomiko	F
Tommi	F
Tommie	F
Tommy	F
Toni	F
Tonia	F
Tonie	F
Tony	F
Tonya	F
Tootsie	F
Torey	F
Tori	F
Torie	F
Torrie	F
Tory	F
Tova	F
Tove	F
Trace	F
Tracee	F
Tracey	F
Traci	F
Tracie	F
Tracy	F
Trenna	F
Tresa	F
Trescha	F
Tressa	F
Tricia	F
Trina	F
Trish	F
Trisha	F
Trista	F
Trix	F
Trixi	F
Trixie	F
Trixy	F
Truda	F
Trude	F
Trudey	F
Trudi	F
Trudie	F
Trudy	F
Trula	F
Tuesday	F
Twila	F
Twyla	F
Tybi	F
Tybie	F
Tyne	F
Ula	F
Ulla	F
Ulrica	F
Ulrika	F
Ulrike	F
Umeko	F
Una	F
Ursa	F
Ursala	F
Ursola	F
Ursula	F
Ursulina	F
Ursuline	F
Uta	F
Val	F
Valaree	F
Valaria	F
Vale	F
Valeda	F
Valencia	F
Valene	F
Valenka	F
Valentia	F
Valentina	F
Valentine	F
Valera	F
Valeria	F
Valerie	F
Valery	F
Valerye	F
Valida	F
Valina	F
Valli	F
Vallie	F
Vally	F
Valma	F
Valry	F
Van	F
Vanda	F
Vanessa	F
Vania	F
Vanna	F
Vanni	F
Vannie	F
Vanny	F
Vanya	F
Veda	F
Velma	F
Velvet	F
Vena	F
Venita	F
Ventura	F
Venus	F
Vera	F
Veradis	F
Vere	F
Verena	F
Verene	F
Veriee	F
Verile	F
Verina	F
Verine	F
Verla	F
Verna	F
Vernice	F
Veronica	F
Veronika	F
Veronike	F
Veronique	F
Vi	F
Vicki	F
Vickie	F
Vicky	F
Victoria	F
Vida	F
Viki	F
Vikki	F
Vikkie	F
Vikky	F
Vilhelmina	F
Vilma	F
Vin	F
Vina	F
Vinita	F
Vinni	F
Vinnie	F
Vinny	F
Viola	F
Violante	F
Viole	F
Violet	F
Violetta	F
Violette	F
Virgie	F
Virgina	F
Virginia	F
Virginie	F
Vita	F
Vitia	F
Vitoria	F
Vittoria	F
Viv	F
Viva	F
Vivi	F
Vivia	F
Vivian	F
Viviana	F
Vivianna	F
Vivianne	F
Vivie	F
Vivien	F
Viviene	F
Vivienne	F
Viviyan	F
Vivyan	F
Vivyanne	F
Vonni	F
Vonnie	F
Vonny	F
Wallie	F
Wallis	F
Wally	F
Waly	F
Wanda	F
Wandie	F
Wandis	F
Waneta	F
Wenda	F
Wendeline	F
Wendi	F
Wendie	F
Wendy	F
Wenona	F
Wenonah	F
Whitney	F
Wileen	F
Wilhelmina	F
Wilhelmine	F
Wilie	F
Willa	F
Willabella	F
Willamina	F
Willetta	F
Willette	F
Willi	F
Willie	F
Willow	F
Willy	F
Willyt	F
Wilma	F
Wilmette	F
Wilona	F
Wilone	F
Wilow	F
Windy	F
Wini	F
Winifred	F
Winna	F
Winnah	F
Winne	F
Winni	F
Winnie	F
Winnifred	F
Winny	F
Winona	F
Winonah	F
Wren	F
Wrennie	F
Wylma	F
Wynn	F
Wynne	F
Wynnie	F
Wynny	F
Xaviera	F
Xena	F
Xenia	F
Xylia	F
Xylina	F
Yalonda	F
Yehudit	F
Yelena	F
Yetta	F
Yettie	F
Yetty	F
Yevette	F
Yoko	F
Yolanda	F
Yolande	F
Yolane	F
Yolanthe	F
Yonina	F
Yoshi	F
Yoshiko	F
Yovonnda	F
Yvette	F
Yvonne	F
Zabrina	F
Zahara	F
Zandra	F
Zaneta	F
Zara	F
Zarah	F
Zaria	F
Zarla	F
Zea	F
Zelda	F
Zelma	F
Zena	F
Zenia	F
Zia	F
Zilvia	F
Zita	F
Zitella	F
Zoe	F
Zola	F
Zonda	F
Zondra	F
Zonnya	F
Zora	F
Zorah	F
Zorana	F
Zorina	F
Zorine	F
Zsa Zsa	F
Zsazsa	F
Zulema	F
Zuzana	F
